Table,SubTable,Prefix,ProductId,ProductDescription,ProductStatus,Field,Type,Required,EnumName
Inflows,Assets,I.A,I.A.1,Unencumbered Assets,OK,ReportingEntity,string,True,
Inflows,Assets,I.A,I.A.1,Unencumbered Assets,OK,Currency,enum,True,Currency
Inflows,Assets,I.A,I.A.1,Unencumbered Assets,OK,Converted,enum,True,YesNo
Inflows,Assets,I.A,I.A.1,Unencumbered Assets,OK,Product,string,True,
Inflows,Assets,I.A,I.A.1,Unencumbered Assets,OK,SubProduct,string,False,
Inflows,Assets,I.A,I.A.1,Unencumbered Assets,OK,MarketValue,money,False,
Inflows,Assets,I.A,I.A.1,Unencumbered Assets,OK,LendableValue,money,False,
Inflows,Assets,I.A,I.A.1,Unencumbered Assets,OK,MaturityBucket,enum,False,MaturityBucket
Inflows,Assets,I.A,I.A.1,Unencumbered Assets,OK,ForwardStartAmount,money,False,
Inflows,Assets,I.A,I.A.1,Unencumbered Assets,OK,ForwardStartBucket,enum,False,MaturityBucket
Inflows,Assets,I.A,I.A.1,Unencumbered Assets,OK,CollateralClass,enum,False,CollateralClass
Inflows,Assets,I.A,I.A.1,Unencumbered Assets,OK,TreasuryControl,enum,False,YesNo
Inflows,Assets,I.A,I.A.1,Unencumbered Assets,OK,AccountingDesignation,enum,False,AccountingDesignation
Inflows,Assets,I.A,I.A.1,Unencumbered Assets,OK,EffectiveMaturityBucket,enum,False,EffectiveMaturityBucket
Inflows,Assets,I.A,I.A.1,Unencumbered Assets,OK,EncumbranceType,enum,False,EncumbranceType
Inflows,Assets,I.A,I.A.1,Unencumbered Assets,OK,InternalCounterparty,string,False,
Inflows,Assets,I.A,I.A.1,Unencumbered Assets,OK,BusinessLine,string,False,
Inflows,Assets,I.A,I.A.2,Capacity,OK,ReportingEntity,string,True,
Inflows,Assets,I.A,I.A.2,Capacity,OK,Currency,enum,True,Currency
Inflows,Assets,I.A,I.A.2,Capacity,OK,Converted,enum,True,YesNo
Inflows,Assets,I.A,I.A.2,Capacity,OK,Product,string,True,
Inflows,Assets,I.A,I.A.2,Capacity,OK,SubProduct,string,False,
Inflows,Assets,I.A,I.A.2,Capacity,OK,MarketValue,money,False,
Inflows,Assets,I.A,I.A.2,Capacity,OK,LendableValue,money,False,
Inflows,Assets,I.A,I.A.2,Capacity,OK,MaturityBucket,enum,False,MaturityBucket
Inflows,Assets,I.A,I.A.2,Capacity,OK,ForwardStartAmount,money,False,
Inflows,Assets,I.A,I.A.2,Capacity,OK,ForwardStartBucket,enum,False,MaturityBucket
Inflows,Assets,I.A,I.A.2,Capacity,OK,CollateralClass,enum,False,CollateralClass
Inflows,Assets,I.A,I.A.2,Capacity,OK,TreasuryControl,enum,False,YesNo
Inflows,Assets,I.A,I.A.2,Capacity,OK,AccountingDesignation,enum,False,AccountingDesignation
Inflows,Assets,I.A,I.A.2,Capacity,OK,EffectiveMaturityBucket,enum,False,EffectiveMaturityBucket
Inflows,Assets,I.A,I.A.2,Capacity,OK,EncumbranceType,enum,False,EncumbranceType
Inflows,Assets,I.A,I.A.2,Capacity,OK,InternalCounterparty,string,False,
Inflows,Assets,I.A,I.A.2,Capacity,OK,BusinessLine,string,False,
Inflows,Assets,I.A,I.A.3,Unrestricted Reserve Balances,OK,ReportingEntity,string,True,
Inflows,Assets,I.A,I.A.3,Unrestricted Reserve Balances,OK,Currency,enum,True,Currency
Inflows,Assets,I.A,I.A.3,Unrestricted Reserve Balances,OK,Converted,enum,True,YesNo
Inflows,Assets,I.A,I.A.3,Unrestricted Reserve Balances,OK,Product,string,True,
Inflows,Assets,I.A,I.A.3,Unrestricted Reserve Balances,OK,SubProduct,string,False,
Inflows,Assets,I.A,I.A.3,Unrestricted Reserve Balances,OK,MarketValue,money,False,
Inflows,Assets,I.A,I.A.3,Unrestricted Reserve Balances,OK,LendableValue,money,False,
Inflows,Assets,I.A,I.A.3,Unrestricted Reserve Balances,OK,MaturityBucket,enum,False,MaturityBucket
Inflows,Assets,I.A,I.A.3,Unrestricted Reserve Balances,OK,ForwardStartAmount,money,False,
Inflows,Assets,I.A,I.A.3,Unrestricted Reserve Balances,OK,ForwardStartBucket,enum,False,MaturityBucket
Inflows,Assets,I.A,I.A.3,Unrestricted Reserve Balances,OK,CollateralClass,enum,False,CollateralClass
Inflows,Assets,I.A,I.A.3,Unrestricted Reserve Balances,OK,TreasuryControl,enum,False,YesNo
Inflows,Assets,I.A,I.A.3,Unrestricted Reserve Balances,OK,AccountingDesignation,enum,False,AccountingDesignation
Inflows,Assets,I.A,I.A.3,Unrestricted Reserve Balances,OK,EffectiveMaturityBucket,enum,False,EffectiveMaturityBucket
Inflows,Assets,I.A,I.A.3,Unrestricted Reserve Balances,OK,EncumbranceType,enum,False,EncumbranceType
Inflows,Assets,I.A,I.A.3,Unrestricted Reserve Balances,OK,InternalCounterparty,string,False,
Inflows,Assets,I.A,I.A.3,Unrestricted Reserve Balances,OK,BusinessLine,string,False,
Inflows,Assets,I.A,I.A.4,Restricted Reserve Balances,OK,ReportingEntity,string,True,
Inflows,Assets,I.A,I.A.4,Restricted Reserve Balances,OK,Currency,enum,True,Currency
Inflows,Assets,I.A,I.A.4,Restricted Reserve Balances,OK,Converted,enum,True,YesNo
Inflows,Assets,I.A,I.A.4,Restricted Reserve Balances,OK,Product,string,True,
Inflows,Assets,I.A,I.A.4,Restricted Reserve Balances,OK,SubProduct,string,False,
Inflows,Assets,I.A,I.A.4,Restricted Reserve Balances,OK,MarketValue,money,False,
Inflows,Assets,I.A,I.A.4,Restricted Reserve Balances,OK,LendableValue,money,False,
Inflows,Assets,I.A,I.A.4,Restricted Reserve Balances,OK,MaturityBucket,enum,False,MaturityBucket
Inflows,Assets,I.A,I.A.4,Restricted Reserve Balances,OK,ForwardStartAmount,money,False,
Inflows,Assets,I.A,I.A.4,Restricted Reserve Balances,OK,ForwardStartBucket,enum,False,MaturityBucket
Inflows,Assets,I.A,I.A.4,Restricted Reserve Balances,OK,CollateralClass,enum,False,CollateralClass
Inflows,Assets,I.A,I.A.4,Restricted Reserve Balances,OK,TreasuryControl,enum,False,YesNo
Inflows,Assets,I.A,I.A.4,Restricted Reserve Balances,OK,AccountingDesignation,enum,False,AccountingDesignation
Inflows,Assets,I.A,I.A.4,Restricted Reserve Balances,OK,EffectiveMaturityBucket,enum,False,EffectiveMaturityBucket
Inflows,Assets,I.A,I.A.4,Restricted Reserve Balances,OK,EncumbranceType,enum,False,EncumbranceType
Inflows,Assets,I.A,I.A.4,Restricted Reserve Balances,OK,InternalCounterparty,string,False,
Inflows,Assets,I.A,I.A.4,Restricted Reserve Balances,OK,BusinessLine,string,False,
Inflows,Assets,I.A,I.A.5,Unsettled Asset Purchases,OK,ReportingEntity,string,True,
Inflows,Assets,I.A,I.A.5,Unsettled Asset Purchases,OK,Currency,enum,True,Currency
Inflows,Assets,I.A,I.A.5,Unsettled Asset Purchases,OK,Converted,enum,True,YesNo
Inflows,Assets,I.A,I.A.5,Unsettled Asset Purchases,OK,Product,string,True,
Inflows,Assets,I.A,I.A.5,Unsettled Asset Purchases,OK,SubProduct,string,False,
Inflows,Assets,I.A,I.A.5,Unsettled Asset Purchases,OK,MarketValue,money,False,
Inflows,Assets,I.A,I.A.5,Unsettled Asset Purchases,OK,LendableValue,money,False,
Inflows,Assets,I.A,I.A.5,Unsettled Asset Purchases,OK,MaturityBucket,enum,False,MaturityBucket
Inflows,Assets,I.A,I.A.5,Unsettled Asset Purchases,OK,ForwardStartAmount,money,False,
Inflows,Assets,I.A,I.A.5,Unsettled Asset Purchases,OK,ForwardStartBucket,enum,False,MaturityBucket
Inflows,Assets,I.A,I.A.5,Unsettled Asset Purchases,OK,CollateralClass,enum,False,CollateralClass
Inflows,Assets,I.A,I.A.5,Unsettled Asset Purchases,OK,TreasuryControl,enum,False,YesNo
Inflows,Assets,I.A,I.A.5,Unsettled Asset Purchases,OK,AccountingDesignation,enum,False,AccountingDesignation
Inflows,Assets,I.A,I.A.5,Unsettled Asset Purchases,OK,EffectiveMaturityBucket,enum,False,EffectiveMaturityBucket
Inflows,Assets,I.A,I.A.5,Unsettled Asset Purchases,OK,EncumbranceType,enum,False,EncumbranceType
Inflows,Assets,I.A,I.A.5,Unsettled Asset Purchases,OK,InternalCounterparty,string,False,
Inflows,Assets,I.A,I.A.5,Unsettled Asset Purchases,OK,BusinessLine,string,False,
Inflows,Assets,I.A,I.A.6,Forward Asset Purchases,OK,ReportingEntity,string,True,
Inflows,Assets,I.A,I.A.6,Forward Asset Purchases,OK,Currency,enum,True,Currency
Inflows,Assets,I.A,I.A.6,Forward Asset Purchases,OK,Converted,enum,True,YesNo
Inflows,Assets,I.A,I.A.6,Forward Asset Purchases,OK,Product,string,True,
Inflows,Assets,I.A,I.A.6,Forward Asset Purchases,OK,SubProduct,string,False,
Inflows,Assets,I.A,I.A.6,Forward Asset Purchases,OK,MarketValue,money,False,
Inflows,Assets,I.A,I.A.6,Forward Asset Purchases,OK,LendableValue,money,False,
Inflows,Assets,I.A,I.A.6,Forward Asset Purchases,OK,MaturityBucket,enum,False,MaturityBucket
Inflows,Assets,I.A,I.A.6,Forward Asset Purchases,OK,ForwardStartAmount,money,False,
Inflows,Assets,I.A,I.A.6,Forward Asset Purchases,OK,ForwardStartBucket,enum,False,MaturityBucket
Inflows,Assets,I.A,I.A.6,Forward Asset Purchases,OK,CollateralClass,enum,False,CollateralClass
Inflows,Assets,I.A,I.A.6,Forward Asset Purchases,OK,TreasuryControl,enum,False,YesNo
Inflows,Assets,I.A,I.A.6,Forward Asset Purchases,OK,AccountingDesignation,enum,False,AccountingDesignation
Inflows,Assets,I.A,I.A.6,Forward Asset Purchases,OK,EffectiveMaturityBucket,enum,False,EffectiveMaturityBucket
Inflows,Assets,I.A,I.A.6,Forward Asset Purchases,OK,EncumbranceType,enum,False,EncumbranceType
Inflows,Assets,I.A,I.A.6,Forward Asset Purchases,OK,InternalCounterparty,string,False,
Inflows,Assets,I.A,I.A.6,Forward Asset Purchases,OK,BusinessLine,string,False,
Inflows,Assets,I.A,I.A.7,Encumbered Assets,OK,ReportingEntity,string,True,
Inflows,Assets,I.A,I.A.7,Encumbered Assets,OK,Currency,enum,True,Currency
Inflows,Assets,I.A,I.A.7,Encumbered Assets,OK,Converted,enum,True,YesNo
Inflows,Assets,I.A,I.A.7,Encumbered Assets,OK,Product,string,True,
Inflows,Assets,I.A,I.A.7,Encumbered Assets,OK,SubProduct,string,False,
Inflows,Assets,I.A,I.A.7,Encumbered Assets,OK,MarketValue,money,False,
Inflows,Assets,I.A,I.A.7,Encumbered Assets,OK,LendableValue,money,False,
Inflows,Assets,I.A,I.A.7,Encumbered Assets,OK,MaturityBucket,enum,False,MaturityBucket
Inflows,Assets,I.A,I.A.7,Encumbered Assets,OK,ForwardStartAmount,money,False,
Inflows,Assets,I.A,I.A.7,Encumbered Assets,OK,ForwardStartBucket,enum,False,MaturityBucket
Inflows,Assets,I.A,I.A.7,Encumbered Assets,OK,CollateralClass,enum,False,CollateralClass
Inflows,Assets,I.A,I.A.7,Encumbered Assets,OK,TreasuryControl,enum,False,YesNo
Inflows,Assets,I.A,I.A.7,Encumbered Assets,OK,AccountingDesignation,enum,False,AccountingDesignation
Inflows,Assets,I.A,I.A.7,Encumbered Assets,OK,EffectiveMaturityBucket,enum,False,EffectiveMaturityBucket
Inflows,Assets,I.A,I.A.7,Encumbered Assets,OK,EncumbranceType,enum,False,EncumbranceType
Inflows,Assets,I.A,I.A.7,Encumbered Assets,OK,InternalCounterparty,string,False,
Inflows,Assets,I.A,I.A.7,Encumbered Assets,OK,BusinessLine,string,False,
Inflows,Unsecured,I.U,I.U.1,Onshore Placements,OK,ReportingEntity,string,True,
Inflows,Unsecured,I.U,I.U.1,Onshore Placements,OK,Currency,enum,True,Currency
Inflows,Unsecured,I.U,I.U.1,Onshore Placements,OK,Converted,enum,True,YesNo
Inflows,Unsecured,I.U,I.U.1,Onshore Placements,OK,Product,string,True,
Inflows,Unsecured,I.U,I.U.1,Onshore Placements,OK,Counterparty,enum,False,Counterparty
Inflows,Unsecured,I.U,I.U.1,Onshore Placements,OK,GSIB,enum,False,YesNo
Inflows,Unsecured,I.U,I.U.1,Onshore Placements,OK,MaturityAmount,money,False,
Inflows,Unsecured,I.U,I.U.1,Onshore Placements,OK,MaturityBucket,enum,False,MaturityBucket
Inflows,Unsecured,I.U,I.U.1,Onshore Placements,OK,MaturityOptionality,enum,False,MaturityOptionality
Inflows,Unsecured,I.U,I.U.1,Onshore Placements,OK,EffectiveMaturityBucket,enum,False,EffectiveMaturityBucket
Inflows,Unsecured,I.U,I.U.1,Onshore Placements,OK,EncumbranceType,enum,False,EncumbranceType
Inflows,Unsecured,I.U,I.U.1,Onshore Placements,OK,ForwardStartAmount,money,False,
Inflows,Unsecured,I.U,I.U.1,Onshore Placements,OK,ForwardStartBucket,enum,False,MaturityBucket
Inflows,Unsecured,I.U,I.U.1,Onshore Placements,OK,Internal,enum,False,YesNo
Inflows,Unsecured,I.U,I.U.1,Onshore Placements,OK,InternalCounterparty,string,False,
Inflows,Unsecured,I.U,I.U.1,Onshore Placements,OK,RiskWeight,percent,False,
Inflows,Unsecured,I.U,I.U.1,Onshore Placements,OK,BusinessLine,string,False,
Inflows,Unsecured,I.U,I.U.2,Offshore Placements,OK,ReportingEntity,string,True,
Inflows,Unsecured,I.U,I.U.2,Offshore Placements,OK,Currency,enum,True,Currency
Inflows,Unsecured,I.U,I.U.2,Offshore Placements,OK,Converted,enum,True,YesNo
Inflows,Unsecured,I.U,I.U.2,Offshore Placements,OK,Product,string,True,
Inflows,Unsecured,I.U,I.U.2,Offshore Placements,OK,Counterparty,enum,False,Counterparty
Inflows,Unsecured,I.U,I.U.2,Offshore Placements,OK,GSIB,enum,False,YesNo
Inflows,Unsecured,I.U,I.U.2,Offshore Placements,OK,MaturityAmount,money,False,
Inflows,Unsecured,I.U,I.U.2,Offshore Placements,OK,MaturityBucket,enum,False,MaturityBucket
Inflows,Unsecured,I.U,I.U.2,Offshore Placements,OK,MaturityOptionality,enum,False,MaturityOptionality
Inflows,Unsecured,I.U,I.U.2,Offshore Placements,OK,EffectiveMaturityBucket,enum,False,EffectiveMaturityBucket
Inflows,Unsecured,I.U,I.U.2,Offshore Placements,OK,EncumbranceType,enum,False,EncumbranceType
Inflows,Unsecured,I.U,I.U.2,Offshore Placements,OK,ForwardStartAmount,money,False,
Inflows,Unsecured,I.U,I.U.2,Offshore Placements,OK,ForwardStartBucket,enum,False,MaturityBucket
Inflows,Unsecured,I.U,I.U.2,Offshore Placements,OK,Internal,enum,False,YesNo
Inflows,Unsecured,I.U,I.U.2,Offshore Placements,OK,InternalCounterparty,string,False,
Inflows,Unsecured,I.U,I.U.2,Offshore Placements,OK,RiskWeight,percent,False,
Inflows,Unsecured,I.U,I.U.2,Offshore Placements,OK,BusinessLine,string,False,
Inflows,Unsecured,I.U,I.U.3,Required Operational Balances,OK,ReportingEntity,string,True,
Inflows,Unsecured,I.U,I.U.3,Required Operational Balances,OK,Currency,enum,True,Currency
Inflows,Unsecured,I.U,I.U.3,Required Operational Balances,OK,Converted,enum,True,YesNo
Inflows,Unsecured,I.U,I.U.3,Required Operational Balances,OK,Product,string,True,
Inflows,Unsecured,I.U,I.U.3,Required Operational Balances,OK,Counterparty,enum,False,Counterparty
Inflows,Unsecured,I.U,I.U.3,Required Operational Balances,OK,GSIB,enum,False,YesNo
Inflows,Unsecured,I.U,I.U.3,Required Operational Balances,OK,MaturityAmount,money,False,
Inflows,Unsecured,I.U,I.U.3,Required Operational Balances,OK,MaturityBucket,enum,False,MaturityBucket
Inflows,Unsecured,I.U,I.U.3,Required Operational Balances,OK,MaturityOptionality,enum,False,MaturityOptionality
Inflows,Unsecured,I.U,I.U.3,Required Operational Balances,OK,EffectiveMaturityBucket,enum,False,EffectiveMaturityBucket
Inflows,Unsecured,I.U,I.U.3,Required Operational Balances,OK,EncumbranceType,enum,False,EncumbranceType
Inflows,Unsecured,I.U,I.U.3,Required Operational Balances,OK,ForwardStartAmount,money,False,
Inflows,Unsecured,I.U,I.U.3,Required Operational Balances,OK,ForwardStartBucket,enum,False,MaturityBucket
Inflows,Unsecured,I.U,I.U.3,Required Operational Balances,OK,Internal,enum,False,YesNo
Inflows,Unsecured,I.U,I.U.3,Required Operational Balances,OK,InternalCounterparty,string,False,
Inflows,Unsecured,I.U,I.U.3,Required Operational Balances,OK,RiskWeight,percent,False,
Inflows,Unsecured,I.U,I.U.3,Required Operational Balances,OK,BusinessLine,string,False,
Inflows,Unsecured,I.U,I.U.4,Excess Operational Balances,OK,ReportingEntity,string,True,
Inflows,Unsecured,I.U,I.U.4,Excess Operational Balances,OK,Currency,enum,True,Currency
Inflows,Unsecured,I.U,I.U.4,Excess Operational Balances,OK,Converted,enum,True,YesNo
Inflows,Unsecured,I.U,I.U.4,Excess Operational Balances,OK,Product,string,True,
Inflows,Unsecured,I.U,I.U.4,Excess Operational Balances,OK,Counterparty,enum,False,Counterparty
Inflows,Unsecured,I.U,I.U.4,Excess Operational Balances,OK,GSIB,enum,False,YesNo
Inflows,Unsecured,I.U,I.U.4,Excess Operational Balances,OK,MaturityAmount,money,False,
Inflows,Unsecured,I.U,I.U.4,Excess Operational Balances,OK,MaturityBucket,enum,False,MaturityBucket
Inflows,Unsecured,I.U,I.U.4,Excess Operational Balances,OK,MaturityOptionality,enum,False,MaturityOptionality
Inflows,Unsecured,I.U,I.U.4,Excess Operational Balances,OK,EffectiveMaturityBucket,enum,False,EffectiveMaturityBucket
Inflows,Unsecured,I.U,I.U.4,Excess Operational Balances,OK,EncumbranceType,enum,False,EncumbranceType
Inflows,Unsecured,I.U,I.U.4,Excess Operational Balances,OK,ForwardStartAmount,money,False,
Inflows,Unsecured,I.U,I.U.4,Excess Operational Balances,OK,ForwardStartBucket,enum,False,MaturityBucket
Inflows,Unsecured,I.U,I.U.4,Excess Operational Balances,OK,Internal,enum,False,YesNo
Inflows,Unsecured,I.U,I.U.4,Excess Operational Balances,OK,InternalCounterparty,string,False,
Inflows,Unsecured,I.U,I.U.4,Excess Operational Balances,OK,RiskWeight,percent,False,
Inflows,Unsecured,I.U,I.U.4,Excess Operational Balances,OK,BusinessLine,string,False,
Inflows,Unsecured,I.U,I.U.5,Outstanding Draws on Unsecured Revolving Facilities,OK,ReportingEntity,string,True,
Inflows,Unsecured,I.U,I.U.5,Outstanding Draws on Unsecured Revolving Facilities,OK,Currency,enum,True,Currency
Inflows,Unsecured,I.U,I.U.5,Outstanding Draws on Unsecured Revolving Facilities,OK,Converted,enum,True,YesNo
Inflows,Unsecured,I.U,I.U.5,Outstanding Draws on Unsecured Revolving Facilities,OK,Product,string,True,
Inflows,Unsecured,I.U,I.U.5,Outstanding Draws on Unsecured Revolving Facilities,OK,Counterparty,enum,False,Counterparty
Inflows,Unsecured,I.U,I.U.5,Outstanding Draws on Unsecured Revolving Facilities,OK,GSIB,enum,False,YesNo
Inflows,Unsecured,I.U,I.U.5,Outstanding Draws on Unsecured Revolving Facilities,OK,MaturityAmount,money,False,
Inflows,Unsecured,I.U,I.U.5,Outstanding Draws on Unsecured Revolving Facilities,OK,MaturityBucket,enum,False,MaturityBucket
Inflows,Unsecured,I.U,I.U.5,Outstanding Draws on Unsecured Revolving Facilities,OK,MaturityOptionality,enum,False,MaturityOptionality
Inflows,Unsecured,I.U,I.U.5,Outstanding Draws on Unsecured Revolving Facilities,OK,EffectiveMaturityBucket,enum,False,EffectiveMaturityBucket
Inflows,Unsecured,I.U,I.U.5,Outstanding Draws on Unsecured Revolving Facilities,OK,EncumbranceType,enum,False,EncumbranceType
Inflows,Unsecured,I.U,I.U.5,Outstanding Draws on Unsecured Revolving Facilities,OK,ForwardStartAmount,money,False,
Inflows,Unsecured,I.U,I.U.5,Outstanding Draws on Unsecured Revolving Facilities,OK,ForwardStartBucket,enum,False,MaturityBucket
Inflows,Unsecured,I.U,I.U.5,Outstanding Draws on Unsecured Revolving Facilities,OK,Internal,enum,False,YesNo
Inflows,Unsecured,I.U,I.U.5,Outstanding Draws on Unsecured Revolving Facilities,OK,InternalCounterparty,string,False,
Inflows,Unsecured,I.U,I.U.5,Outstanding Draws on Unsecured Revolving Facilities,OK,RiskWeight,percent,False,
Inflows,Unsecured,I.U,I.U.5,Outstanding Draws on Unsecured Revolving Facilities,OK,BusinessLine,string,False,
Inflows,Unsecured,I.U,I.U.6,Other Loans,OK,ReportingEntity,string,True,
Inflows,Unsecured,I.U,I.U.6,Other Loans,OK,Currency,enum,True,Currency
Inflows,Unsecured,I.U,I.U.6,Other Loans,OK,Converted,enum,True,YesNo
Inflows,Unsecured,I.U,I.U.6,Other Loans,OK,Product,string,True,
Inflows,Unsecured,I.U,I.U.6,Other Loans,OK,Counterparty,enum,False,Counterparty
Inflows,Unsecured,I.U,I.U.6,Other Loans,OK,GSIB,enum,False,YesNo
Inflows,Unsecured,I.U,I.U.6,Other Loans,OK,MaturityAmount,money,False,
Inflows,Unsecured,I.U,I.U.6,Other Loans,OK,MaturityBucket,enum,False,MaturityBucket
Inflows,Unsecured,I.U,I.U.6,Other Loans,OK,MaturityOptionality,enum,False,MaturityOptionality
Inflows,Unsecured,I.U,I.U.6,Other Loans,OK,EffectiveMaturityBucket,enum,False,EffectiveMaturityBucket
Inflows,Unsecured,I.U,I.U.6,Other Loans,OK,EncumbranceType,enum,False,EncumbranceType
Inflows,Unsecured,I.U,I.U.6,Other Loans,OK,ForwardStartAmount,money,False,
Inflows,Unsecured,I.U,I.U.6,Other Loans,OK,ForwardStartBucket,enum,False,MaturityBucket
Inflows,Unsecured,I.U,I.U.6,Other Loans,OK,Internal,enum,False,YesNo
Inflows,Unsecured,I.U,I.U.6,Other Loans,OK,InternalCounterparty,string,False,
Inflows,Unsecured,I.U,I.U.6,Other Loans,OK,RiskWeight,percent,False,
Inflows,Unsecured,I.U,I.U.6,Other Loans,OK,BusinessLine,string,False,
Inflows,Unsecured,I.U,I.U.7,Cash Items in the Process of Collection,OK,ReportingEntity,string,True,
Inflows,Unsecured,I.U,I.U.7,Cash Items in the Process of Collection,OK,Currency,enum,True,Currency
Inflows,Unsecured,I.U,I.U.7,Cash Items in the Process of Collection,OK,Converted,enum,True,YesNo
Inflows,Unsecured,I.U,I.U.7,Cash Items in the Process of Collection,OK,Product,string,True,
Inflows,Unsecured,I.U,I.U.7,Cash Items in the Process of Collection,OK,Counterparty,enum,False,Counterparty
Inflows,Unsecured,I.U,I.U.7,Cash Items in the Process of Collection,OK,GSIB,enum,False,YesNo
Inflows,Unsecured,I.U,I.U.7,Cash Items in the Process of Collection,OK,MaturityAmount,money,False,
Inflows,Unsecured,I.U,I.U.7,Cash Items in the Process of Collection,OK,MaturityBucket,enum,False,MaturityBucket
Inflows,Unsecured,I.U,I.U.7,Cash Items in the Process of Collection,OK,MaturityOptionality,enum,False,MaturityOptionality
Inflows,Unsecured,I.U,I.U.7,Cash Items in the Process of Collection,OK,EffectiveMaturityBucket,enum,False,EffectiveMaturityBucket
Inflows,Unsecured,I.U,I.U.7,Cash Items in the Process of Collection,OK,EncumbranceType,enum,False,EncumbranceType
Inflows,Unsecured,I.U,I.U.7,Cash Items in the Process of Collection,OK,ForwardStartAmount,money,False,
Inflows,Unsecured,I.U,I.U.7,Cash Items in the Process of Collection,OK,ForwardStartBucket,enum,False,MaturityBucket
Inflows,Unsecured,I.U,I.U.7,Cash Items in the Process of Collection,OK,Internal,enum,False,YesNo
Inflows,Unsecured,I.U,I.U.7,Cash Items in the Process of Collection,OK,InternalCounterparty,string,False,
Inflows,Unsecured,I.U,I.U.7,Cash Items in the Process of Collection,OK,RiskWeight,percent,False,
Inflows,Unsecured,I.U,I.U.7,Cash Items in the Process of Collection,OK,BusinessLine,string,False,
Inflows,Unsecured,I.U,I.U.8,Short-Term Investments,OK,ReportingEntity,string,True,
Inflows,Unsecured,I.U,I.U.8,Short-Term Investments,OK,Currency,enum,True,Currency
Inflows,Unsecured,I.U,I.U.8,Short-Term Investments,OK,Converted,enum,True,YesNo
Inflows,Unsecured,I.U,I.U.8,Short-Term Investments,OK,Product,string,True,
Inflows,Unsecured,I.U,I.U.8,Short-Term Investments,OK,Counterparty,enum,False,Counterparty
Inflows,Unsecured,I.U,I.U.8,Short-Term Investments,OK,GSIB,enum,False,YesNo
Inflows,Unsecured,I.U,I.U.8,Short-Term Investments,OK,MaturityAmount,money,False,
Inflows,Unsecured,I.U,I.U.8,Short-Term Investments,OK,MaturityBucket,enum,False,MaturityBucket
Inflows,Unsecured,I.U,I.U.8,Short-Term Investments,OK,MaturityOptionality,enum,False,MaturityOptionality
Inflows,Unsecured,I.U,I.U.8,Short-Term Investments,OK,EffectiveMaturityBucket,enum,False,EffectiveMaturityBucket
Inflows,Unsecured,I.U,I.U.8,Short-Term Investments,OK,EncumbranceType,enum,False,EncumbranceType
Inflows,Unsecured,I.U,I.U.8,Short-Term Investments,OK,ForwardStartAmount,money,False,
Inflows,Unsecured,I.U,I.U.8,Short-Term Investments,OK,ForwardStartBucket,enum,False,MaturityBucket
Inflows,Unsecured,I.U,I.U.8,Short-Term Investments,OK,Internal,enum,False,YesNo
Inflows,Unsecured,I.U,I.U.8,Short-Term Investments,OK,InternalCounterparty,string,False,
Inflows,Unsecured,I.U,I.U.8,Short-Term Investments,OK,RiskWeight,percent,False,
Inflows,Unsecured,I.U,I.U.8,Short-Term Investments,OK,BusinessLine,string,False,
Inflows,Secured,I.S,I.S.1,Reverse Repo,OK,ReportingEntity,string,True,
Inflows,Secured,I.S,I.S.1,Reverse Repo,OK,Currency,enum,True,Currency
Inflows,Secured,I.S,I.S.1,Reverse Repo,OK,Converted,enum,True,YesNo
Inflows,Secured,I.S,I.S.1,Reverse Repo,OK,Product,string,True,
Inflows,Secured,I.S,I.S.1,Reverse Repo,OK,SubProduct,string,False,
Inflows,Secured,I.S,I.S.1,Reverse Repo,OK,MaturityAmount,money,False,
Inflows,Secured,I.S,I.S.1,Reverse Repo,OK,MaturityBucket,enum,False,MaturityBucket
Inflows,Secured,I.S,I.S.1,Reverse Repo,OK,MaturityOptionality,enum,False,MaturityOptionality
Inflows,Secured,I.S,I.S.1,Reverse Repo,OK,EffectiveMaturityBucket,enum,False,EffectiveMaturityBucket
Inflows,Secured,I.S,I.S.1,Reverse Repo,OK,EncumbranceType,enum,False,EncumbranceType
Inflows,Secured,I.S,I.S.1,Reverse Repo,OK,ForwardStartAmount,money,False,
Inflows,Secured,I.S,I.S.1,Reverse Repo,OK,ForwardStartBucket,enum,False,MaturityBucket
Inflows,Secured,I.S,I.S.1,Reverse Repo,OK,CollateralClass,enum,False,CollateralClass
Inflows,Secured,I.S,I.S.1,Reverse Repo,OK,CollateralValue,money,False,
Inflows,Secured,I.S,I.S.1,Reverse Repo,OK,Unencumbered,enum,False,YesNo
Inflows,Secured,I.S,I.S.1,Reverse Repo,OK,TreasuryControl,enum,False,YesNo
Inflows,Secured,I.S,I.S.1,Reverse Repo,OK,Internal,enum,False,YesNo
Inflows,Secured,I.S,I.S.1,Reverse Repo,OK,InternalCounterparty,string,False,
Inflows,Secured,I.S,I.S.1,Reverse Repo,OK,RiskWeight,percent,False,
Inflows,Secured,I.S,I.S.1,Reverse Repo,OK,BusinessLine,string,False,
Inflows,Secured,I.S,I.S.1,Reverse Repo,OK,Settlement,enum,False,YesNo
Inflows,Secured,I.S,I.S.1,Reverse Repo,OK,Counterparty,enum,False,Counterparty
Inflows,Secured,I.S,I.S.1,Reverse Repo,OK,GSIB,enum,False,YesNo
Inflows,Secured,I.S,I.S.2,Securities Borrowing,OK,ReportingEntity,string,True,
Inflows,Secured,I.S,I.S.2,Securities Borrowing,OK,Currency,enum,True,Currency
Inflows,Secured,I.S,I.S.2,Securities Borrowing,OK,Converted,enum,True,YesNo
Inflows,Secured,I.S,I.S.2,Securities Borrowing,OK,Product,string,True,
Inflows,Secured,I.S,I.S.2,Securities Borrowing,OK,SubProduct,string,False,
Inflows,Secured,I.S,I.S.2,Securities Borrowing,OK,MaturityAmount,money,False,
Inflows,Secured,I.S,I.S.2,Securities Borrowing,OK,MaturityBucket,enum,False,MaturityBucket
Inflows,Secured,I.S,I.S.2,Securities Borrowing,OK,MaturityOptionality,enum,False,MaturityOptionality
Inflows,Secured,I.S,I.S.2,Securities Borrowing,OK,EffectiveMaturityBucket,enum,False,EffectiveMaturityBucket
Inflows,Secured,I.S,I.S.2,Securities Borrowing,OK,EncumbranceType,enum,False,EncumbranceType
Inflows,Secured,I.S,I.S.2,Securities Borrowing,OK,ForwardStartAmount,money,False,
Inflows,Secured,I.S,I.S.2,Securities Borrowing,OK,ForwardStartBucket,enum,False,MaturityBucket
Inflows,Secured,I.S,I.S.2,Securities Borrowing,OK,CollateralClass,enum,False,CollateralClass
Inflows,Secured,I.S,I.S.2,Securities Borrowing,OK,CollateralValue,money,False,
Inflows,Secured,I.S,I.S.2,Securities Borrowing,OK,Unencumbered,enum,False,YesNo
Inflows,Secured,I.S,I.S.2,Securities Borrowing,OK,TreasuryControl,enum,False,YesNo
Inflows,Secured,I.S,I.S.2,Securities Borrowing,OK,Internal,enum,False,YesNo
Inflows,Secured,I.S,I.S.2,Securities Borrowing,OK,InternalCounterparty,string,False,
Inflows,Secured,I.S,I.S.2,Securities Borrowing,OK,RiskWeight,percent,False,
Inflows,Secured,I.S,I.S.2,Securities Borrowing,OK,BusinessLine,string,False,
Inflows,Secured,I.S,I.S.2,Securities Borrowing,OK,Settlement,enum,False,YesNo
Inflows,Secured,I.S,I.S.2,Securities Borrowing,OK,Counterparty,enum,False,Counterparty
Inflows,Secured,I.S,I.S.2,Securities Borrowing,OK,GSIB,enum,False,YesNo
Inflows,Secured,I.S,I.S.3,Dollar Rolls,OK,ReportingEntity,string,True,
Inflows,Secured,I.S,I.S.3,Dollar Rolls,OK,Currency,enum,True,Currency
Inflows,Secured,I.S,I.S.3,Dollar Rolls,OK,Converted,enum,True,YesNo
Inflows,Secured,I.S,I.S.3,Dollar Rolls,OK,Product,string,True,
Inflows,Secured,I.S,I.S.3,Dollar Rolls,OK,SubProduct,string,False,
Inflows,Secured,I.S,I.S.3,Dollar Rolls,OK,MaturityAmount,money,False,
Inflows,Secured,I.S,I.S.3,Dollar Rolls,OK,MaturityBucket,enum,False,MaturityBucket
Inflows,Secured,I.S,I.S.3,Dollar Rolls,OK,MaturityOptionality,enum,False,MaturityOptionality
Inflows,Secured,I.S,I.S.3,Dollar Rolls,OK,EffectiveMaturityBucket,enum,False,EffectiveMaturityBucket
Inflows,Secured,I.S,I.S.3,Dollar Rolls,OK,EncumbranceType,enum,False,EncumbranceType
Inflows,Secured,I.S,I.S.3,Dollar Rolls,OK,ForwardStartAmount,money,False,
Inflows,Secured,I.S,I.S.3,Dollar Rolls,OK,ForwardStartBucket,enum,False,MaturityBucket
Inflows,Secured,I.S,I.S.3,Dollar Rolls,OK,CollateralClass,enum,False,CollateralClass
Inflows,Secured,I.S,I.S.3,Dollar Rolls,OK,CollateralValue,money,False,
Inflows,Secured,I.S,I.S.3,Dollar Rolls,OK,Unencumbered,enum,False,YesNo
Inflows,Secured,I.S,I.S.3,Dollar Rolls,OK,TreasuryControl,enum,False,YesNo
Inflows,Secured,I.S,I.S.3,Dollar Rolls,OK,Internal,enum,False,YesNo
Inflows,Secured,I.S,I.S.3,Dollar Rolls,OK,InternalCounterparty,string,False,
Inflows,Secured,I.S,I.S.3,Dollar Rolls,OK,RiskWeight,percent,False,
Inflows,Secured,I.S,I.S.3,Dollar Rolls,OK,BusinessLine,string,False,
Inflows,Secured,I.S,I.S.3,Dollar Rolls,OK,Settlement,enum,False,YesNo
Inflows,Secured,I.S,I.S.3,Dollar Rolls,OK,Counterparty,enum,False,Counterparty
Inflows,Secured,I.S,I.S.3,Dollar Rolls,OK,GSIB,enum,False,YesNo
Inflows,Secured,I.S,I.S.4,Collateral Swaps,OK,ReportingEntity,string,True,
Inflows,Secured,I.S,I.S.4,Collateral Swaps,OK,Currency,enum,True,Currency
Inflows,Secured,I.S,I.S.4,Collateral Swaps,OK,Converted,enum,True,YesNo
Inflows,Secured,I.S,I.S.4,Collateral Swaps,OK,Product,string,True,
Inflows,Secured,I.S,I.S.4,Collateral Swaps,OK,SubProduct,string,False,
Inflows,Secured,I.S,I.S.4,Collateral Swaps,OK,MaturityAmount,money,False,
Inflows,Secured,I.S,I.S.4,Collateral Swaps,OK,MaturityBucket,enum,False,MaturityBucket
Inflows,Secured,I.S,I.S.4,Collateral Swaps,OK,MaturityOptionality,enum,False,MaturityOptionality
Inflows,Secured,I.S,I.S.4,Collateral Swaps,OK,EffectiveMaturityBucket,enum,False,EffectiveMaturityBucket
Inflows,Secured,I.S,I.S.4,Collateral Swaps,OK,EncumbranceType,enum,False,EncumbranceType
Inflows,Secured,I.S,I.S.4,Collateral Swaps,OK,ForwardStartAmount,money,False,
Inflows,Secured,I.S,I.S.4,Collateral Swaps,OK,ForwardStartBucket,enum,False,MaturityBucket
Inflows,Secured,I.S,I.S.4,Collateral Swaps,OK,CollateralClass,enum,False,CollateralClass
Inflows,Secured,I.S,I.S.4,Collateral Swaps,OK,CollateralValue,money,False,
Inflows,Secured,I.S,I.S.4,Collateral Swaps,OK,Unencumbered,enum,False,YesNo
Inflows,Secured,I.S,I.S.4,Collateral Swaps,OK,TreasuryControl,enum,False,YesNo
Inflows,Secured,I.S,I.S.4,Collateral Swaps,OK,Internal,enum,False,YesNo
Inflows,Secured,I.S,I.S.4,Collateral Swaps,OK,InternalCounterparty,string,False,
Inflows,Secured,I.S,I.S.4,Collateral Swaps,OK,RiskWeight,percent,False,
Inflows,Secured,I.S,I.S.4,Collateral Swaps,OK,BusinessLine,string,False,
Inflows,Secured,I.S,I.S.4,Collateral Swaps,OK,Settlement,enum,False,YesNo
Inflows,Secured,I.S,I.S.4,Collateral Swaps,OK,Counterparty,enum,False,Counterparty
Inflows,Secured,I.S,I.S.4,Collateral Swaps,OK,GSIB,enum,False,YesNo
Inflows,Secured,I.S,I.S.5,Margin Loans,OK,ReportingEntity,string,True,
Inflows,Secured,I.S,I.S.5,Margin Loans,OK,Currency,enum,True,Currency
Inflows,Secured,I.S,I.S.5,Margin Loans,OK,Converted,enum,True,YesNo
Inflows,Secured,I.S,I.S.5,Margin Loans,OK,Product,string,True,
Inflows,Secured,I.S,I.S.5,Margin Loans,OK,SubProduct,string,False,
Inflows,Secured,I.S,I.S.5,Margin Loans,OK,MaturityAmount,money,False,
Inflows,Secured,I.S,I.S.5,Margin Loans,OK,MaturityBucket,enum,False,MaturityBucket
Inflows,Secured,I.S,I.S.5,Margin Loans,OK,MaturityOptionality,enum,False,MaturityOptionality
Inflows,Secured,I.S,I.S.5,Margin Loans,OK,EffectiveMaturityBucket,enum,False,EffectiveMaturityBucket
Inflows,Secured,I.S,I.S.5,Margin Loans,OK,EncumbranceType,enum,False,EncumbranceType
Inflows,Secured,I.S,I.S.5,Margin Loans,OK,ForwardStartAmount,money,False,
Inflows,Secured,I.S,I.S.5,Margin Loans,OK,ForwardStartBucket,enum,False,MaturityBucket
Inflows,Secured,I.S,I.S.5,Margin Loans,OK,CollateralClass,enum,False,CollateralClass
Inflows,Secured,I.S,I.S.5,Margin Loans,OK,CollateralValue,money,False,
Inflows,Secured,I.S,I.S.5,Margin Loans,OK,Unencumbered,enum,False,YesNo
Inflows,Secured,I.S,I.S.5,Margin Loans,OK,TreasuryControl,enum,False,YesNo
Inflows,Secured,I.S,I.S.5,Margin Loans,OK,Internal,enum,False,YesNo
Inflows,Secured,I.S,I.S.5,Margin Loans,OK,InternalCounterparty,string,False,
Inflows,Secured,I.S,I.S.5,Margin Loans,OK,RiskWeight,percent,False,
Inflows,Secured,I.S,I.S.5,Margin Loans,OK,BusinessLine,string,False,
Inflows,Secured,I.S,I.S.5,Margin Loans,OK,Settlement,enum,False,YesNo
Inflows,Secured,I.S,I.S.5,Margin Loans,OK,Counterparty,enum,False,Counterparty
Inflows,Secured,I.S,I.S.5,Margin Loans,OK,GSIB,enum,False,YesNo
Inflows,Secured,I.S,I.S.6,Other Secured Loans - Rehypothecatable,OK,ReportingEntity,string,True,
Inflows,Secured,I.S,I.S.6,Other Secured Loans - Rehypothecatable,OK,Currency,enum,True,Currency
Inflows,Secured,I.S,I.S.6,Other Secured Loans - Rehypothecatable,OK,Converted,enum,True,YesNo
Inflows,Secured,I.S,I.S.6,Other Secured Loans - Rehypothecatable,OK,Product,string,True,
Inflows,Secured,I.S,I.S.6,Other Secured Loans - Rehypothecatable,OK,SubProduct,string,False,
Inflows,Secured,I.S,I.S.6,Other Secured Loans - Rehypothecatable,OK,MaturityAmount,money,False,
Inflows,Secured,I.S,I.S.6,Other Secured Loans - Rehypothecatable,OK,MaturityBucket,enum,False,MaturityBucket
Inflows,Secured,I.S,I.S.6,Other Secured Loans - Rehypothecatable,OK,MaturityOptionality,enum,False,MaturityOptionality
Inflows,Secured,I.S,I.S.6,Other Secured Loans - Rehypothecatable,OK,EffectiveMaturityBucket,enum,False,EffectiveMaturityBucket
Inflows,Secured,I.S,I.S.6,Other Secured Loans - Rehypothecatable,OK,EncumbranceType,enum,False,EncumbranceType
Inflows,Secured,I.S,I.S.6,Other Secured Loans - Rehypothecatable,OK,ForwardStartAmount,money,False,
Inflows,Secured,I.S,I.S.6,Other Secured Loans - Rehypothecatable,OK,ForwardStartBucket,enum,False,MaturityBucket
Inflows,Secured,I.S,I.S.6,Other Secured Loans - Rehypothecatable,OK,CollateralClass,enum,False,CollateralClass
Inflows,Secured,I.S,I.S.6,Other Secured Loans - Rehypothecatable,OK,CollateralValue,money,False,
Inflows,Secured,I.S,I.S.6,Other Secured Loans - Rehypothecatable,OK,Unencumbered,enum,False,YesNo
Inflows,Secured,I.S,I.S.6,Other Secured Loans - Rehypothecatable,OK,TreasuryControl,enum,False,YesNo
Inflows,Secured,I.S,I.S.6,Other Secured Loans - Rehypothecatable,OK,Internal,enum,False,YesNo
Inflows,Secured,I.S,I.S.6,Other Secured Loans - Rehypothecatable,OK,InternalCounterparty,string,False,
Inflows,Secured,I.S,I.S.6,Other Secured Loans - Rehypothecatable,OK,RiskWeight,percent,False,
Inflows,Secured,I.S,I.S.6,Other Secured Loans - Rehypothecatable,OK,BusinessLine,string,False,
Inflows,Secured,I.S,I.S.6,Other Secured Loans - Rehypothecatable,OK,Settlement,enum,False,YesNo
Inflows,Secured,I.S,I.S.6,Other Secured Loans - Rehypothecatable,OK,Counterparty,enum,False,Counterparty
Inflows,Secured,I.S,I.S.6,Other Secured Loans - Rehypothecatable,OK,GSIB,enum,False,YesNo
Inflows,Secured,I.S,I.S.7,Outstanding Draws on Secured Revolving Facilities,OK,ReportingEntity,string,True,
Inflows,Secured,I.S,I.S.7,Outstanding Draws on Secured Revolving Facilities,OK,Currency,enum,True,Currency
Inflows,Secured,I.S,I.S.7,Outstanding Draws on Secured Revolving Facilities,OK,Converted,enum,True,YesNo
Inflows,Secured,I.S,I.S.7,Outstanding Draws on Secured Revolving Facilities,OK,Product,string,True,
Inflows,Secured,I.S,I.S.7,Outstanding Draws on Secured Revolving Facilities,OK,SubProduct,string,False,
Inflows,Secured,I.S,I.S.7,Outstanding Draws on Secured Revolving Facilities,OK,MaturityAmount,money,False,
Inflows,Secured,I.S,I.S.7,Outstanding Draws on Secured Revolving Facilities,OK,MaturityBucket,enum,False,MaturityBucket
Inflows,Secured,I.S,I.S.7,Outstanding Draws on Secured Revolving Facilities,OK,MaturityOptionality,enum,False,MaturityOptionality
Inflows,Secured,I.S,I.S.7,Outstanding Draws on Secured Revolving Facilities,OK,EffectiveMaturityBucket,enum,False,EffectiveMaturityBucket
Inflows,Secured,I.S,I.S.7,Outstanding Draws on Secured Revolving Facilities,OK,EncumbranceType,enum,False,EncumbranceType
Inflows,Secured,I.S,I.S.7,Outstanding Draws on Secured Revolving Facilities,OK,ForwardStartAmount,money,False,
Inflows,Secured,I.S,I.S.7,Outstanding Draws on Secured Revolving Facilities,OK,ForwardStartBucket,enum,False,MaturityBucket
Inflows,Secured,I.S,I.S.7,Outstanding Draws on Secured Revolving Facilities,OK,CollateralClass,enum,False,CollateralClass
Inflows,Secured,I.S,I.S.7,Outstanding Draws on Secured Revolving Facilities,OK,CollateralValue,money,False,
Inflows,Secured,I.S,I.S.7,Outstanding Draws on Secured Revolving Facilities,OK,Unencumbered,enum,False,YesNo
Inflows,Secured,I.S,I.S.7,Outstanding Draws on Secured Revolving Facilities,OK,TreasuryControl,enum,False,YesNo
Inflows,Secured,I.S,I.S.7,Outstanding Draws on Secured Revolving Facilities,OK,Internal,enum,False,YesNo
Inflows,Secured,I.S,I.S.7,Outstanding Draws on Secured Revolving Facilities,OK,InternalCounterparty,string,False,
Inflows,Secured,I.S,I.S.7,Outstanding Draws on Secured Revolving Facilities,OK,RiskWeight,percent,False,
Inflows,Secured,I.S,I.S.7,Outstanding Draws on Secured Revolving Facilities,OK,BusinessLine,string,False,
Inflows,Secured,I.S,I.S.7,Outstanding Draws on Secured Revolving Facilities,OK,Settlement,enum,False,YesNo
Inflows,Secured,I.S,I.S.7,Outstanding Draws on Secured Revolving Facilities,OK,Counterparty,enum,False,Counterparty
Inflows,Secured,I.S,I.S.7,Outstanding Draws on Secured Revolving Facilities,OK,GSIB,enum,False,YesNo
Inflows,Secured,I.S,I.S.8,Other Secured Loans - Non-Rehypothecatable,OK,ReportingEntity,string,True,
Inflows,Secured,I.S,I.S.8,Other Secured Loans - Non-Rehypothecatable,OK,Currency,enum,True,Currency
Inflows,Secured,I.S,I.S.8,Other Secured Loans - Non-Rehypothecatable,OK,Converted,enum,True,YesNo
Inflows,Secured,I.S,I.S.8,Other Secured Loans - Non-Rehypothecatable,OK,Product,string,True,
Inflows,Secured,I.S,I.S.8,Other Secured Loans - Non-Rehypothecatable,OK,SubProduct,string,False,
Inflows,Secured,I.S,I.S.8,Other Secured Loans - Non-Rehypothecatable,OK,MaturityAmount,money,False,
Inflows,Secured,I.S,I.S.8,Other Secured Loans - Non-Rehypothecatable,OK,MaturityBucket,enum,False,MaturityBucket
Inflows,Secured,I.S,I.S.8,Other Secured Loans - Non-Rehypothecatable,OK,MaturityOptionality,enum,False,MaturityOptionality
Inflows,Secured,I.S,I.S.8,Other Secured Loans - Non-Rehypothecatable,OK,EffectiveMaturityBucket,enum,False,EffectiveMaturityBucket
Inflows,Secured,I.S,I.S.8,Other Secured Loans - Non-Rehypothecatable,OK,EncumbranceType,enum,False,EncumbranceType
Inflows,Secured,I.S,I.S.8,Other Secured Loans - Non-Rehypothecatable,OK,ForwardStartAmount,money,False,
Inflows,Secured,I.S,I.S.8,Other Secured Loans - Non-Rehypothecatable,OK,ForwardStartBucket,enum,False,MaturityBucket
Inflows,Secured,I.S,I.S.8,Other Secured Loans - Non-Rehypothecatable,OK,CollateralClass,enum,False,CollateralClass
Inflows,Secured,I.S,I.S.8,Other Secured Loans - Non-Rehypothecatable,OK,CollateralValue,money,False,
Inflows,Secured,I.S,I.S.8,Other Secured Loans - Non-Rehypothecatable,OK,Unencumbered,enum,False,YesNo
Inflows,Secured,I.S,I.S.8,Other Secured Loans - Non-Rehypothecatable,OK,TreasuryControl,enum,False,YesNo
Inflows,Secured,I.S,I.S.8,Other Secured Loans - Non-Rehypothecatable,OK,Internal,enum,False,YesNo
Inflows,Secured,I.S,I.S.8,Other Secured Loans - Non-Rehypothecatable,OK,InternalCounterparty,string,False,
Inflows,Secured,I.S,I.S.8,Other Secured Loans - Non-Rehypothecatable,OK,RiskWeight,percent,False,
Inflows,Secured,I.S,I.S.8,Other Secured Loans - Non-Rehypothecatable,OK,BusinessLine,string,False,
Inflows,Secured,I.S,I.S.8,Other Secured Loans - Non-Rehypothecatable,OK,Settlement,enum,False,YesNo
Inflows,Secured,I.S,I.S.8,Other Secured Loans - Non-Rehypothecatable,OK,Counterparty,enum,False,Counterparty
Inflows,Secured,I.S,I.S.8,Other Secured Loans - Non-Rehypothecatable,OK,GSIB,enum,False,YesNo
Inflows,Secured,I.S,I.S.9,Synthetic Customer Longs,OK,ReportingEntity,string,True,
Inflows,Secured,I.S,I.S.9,Synthetic Customer Longs,OK,Currency,enum,True,Currency
Inflows,Secured,I.S,I.S.9,Synthetic Customer Longs,OK,Converted,enum,True,YesNo
Inflows,Secured,I.S,I.S.9,Synthetic Customer Longs,OK,Product,string,True,
Inflows,Secured,I.S,I.S.9,Synthetic Customer Longs,OK,SubProduct,string,False,
Inflows,Secured,I.S,I.S.9,Synthetic Customer Longs,OK,MaturityAmount,money,False,
Inflows,Secured,I.S,I.S.9,Synthetic Customer Longs,OK,MaturityBucket,enum,False,MaturityBucket
Inflows,Secured,I.S,I.S.9,Synthetic Customer Longs,OK,MaturityOptionality,enum,False,MaturityOptionality
Inflows,Secured,I.S,I.S.9,Synthetic Customer Longs,OK,EffectiveMaturityBucket,enum,False,EffectiveMaturityBucket
Inflows,Secured,I.S,I.S.9,Synthetic Customer Longs,OK,EncumbranceType,enum,False,EncumbranceType
Inflows,Secured,I.S,I.S.9,Synthetic Customer Longs,OK,ForwardStartAmount,money,False,
Inflows,Secured,I.S,I.S.9,Synthetic Customer Longs,OK,ForwardStartBucket,enum,False,MaturityBucket
Inflows,Secured,I.S,I.S.9,Synthetic Customer Longs,OK,CollateralClass,enum,False,CollateralClass
Inflows,Secured,I.S,I.S.9,Synthetic Customer Longs,OK,CollateralValue,money,False,
Inflows,Secured,I.S,I.S.9,Synthetic Customer Longs,OK,Unencumbered,enum,False,YesNo
Inflows,Secured,I.S,I.S.9,Synthetic Customer Longs,OK,TreasuryControl,enum,False,YesNo
Inflows,Secured,I.S,I.S.9,Synthetic Customer Longs,OK,Internal,enum,False,YesNo
Inflows,Secured,I.S,I.S.9,Synthetic Customer Longs,OK,InternalCounterparty,string,False,
Inflows,Secured,I.S,I.S.9,Synthetic Customer Longs,OK,RiskWeight,percent,False,
Inflows,Secured,I.S,I.S.9,Synthetic Customer Longs,OK,BusinessLine,string,False,
Inflows,Secured,I.S,I.S.9,Synthetic Customer Longs,OK,Settlement,enum,False,YesNo
Inflows,Secured,I.S,I.S.9,Synthetic Customer Longs,OK,Counterparty,enum,False,Counterparty
Inflows,Secured,I.S,I.S.9,Synthetic Customer Longs,OK,GSIB,enum,False,YesNo
Inflows,Secured,I.S,I.S.10,Synthetic Firm Sourcing,OK,ReportingEntity,string,True,
Inflows,Secured,I.S,I.S.10,Synthetic Firm Sourcing,OK,Currency,enum,True,Currency
Inflows,Secured,I.S,I.S.10,Synthetic Firm Sourcing,OK,Converted,enum,True,YesNo
Inflows,Secured,I.S,I.S.10,Synthetic Firm Sourcing,OK,Product,string,True,
Inflows,Secured,I.S,I.S.10,Synthetic Firm Sourcing,OK,SubProduct,string,False,
Inflows,Secured,I.S,I.S.10,Synthetic Firm Sourcing,OK,MaturityAmount,money,False,
Inflows,Secured,I.S,I.S.10,Synthetic Firm Sourcing,OK,MaturityBucket,enum,False,MaturityBucket
Inflows,Secured,I.S,I.S.10,Synthetic Firm Sourcing,OK,MaturityOptionality,enum,False,MaturityOptionality
Inflows,Secured,I.S,I.S.10,Synthetic Firm Sourcing,OK,EffectiveMaturityBucket,enum,False,EffectiveMaturityBucket
Inflows,Secured,I.S,I.S.10,Synthetic Firm Sourcing,OK,EncumbranceType,enum,False,EncumbranceType
Inflows,Secured,I.S,I.S.10,Synthetic Firm Sourcing,OK,ForwardStartAmount,money,False,
Inflows,Secured,I.S,I.S.10,Synthetic Firm Sourcing,OK,ForwardStartBucket,enum,False,MaturityBucket
Inflows,Secured,I.S,I.S.10,Synthetic Firm Sourcing,OK,CollateralClass,enum,False,CollateralClass
Inflows,Secured,I.S,I.S.10,Synthetic Firm Sourcing,OK,CollateralValue,money,False,
Inflows,Secured,I.S,I.S.10,Synthetic Firm Sourcing,OK,Unencumbered,enum,False,YesNo
Inflows,Secured,I.S,I.S.10,Synthetic Firm Sourcing,OK,TreasuryControl,enum,False,YesNo
Inflows,Secured,I.S,I.S.10,Synthetic Firm Sourcing,OK,Internal,enum,False,YesNo
Inflows,Secured,I.S,I.S.10,Synthetic Firm Sourcing,OK,InternalCounterparty,string,False,
Inflows,Secured,I.S,I.S.10,Synthetic Firm Sourcing,OK,RiskWeight,percent,False,
Inflows,Secured,I.S,I.S.10,Synthetic Firm Sourcing,OK,BusinessLine,string,False,
Inflows,Secured,I.S,I.S.10,Synthetic Firm Sourcing,OK,Settlement,enum,False,YesNo
Inflows,Secured,I.S,I.S.10,Synthetic Firm Sourcing,OK,Counterparty,enum,False,Counterparty
Inflows,Secured,I.S,I.S.10,Synthetic Firm Sourcing,OK,GSIB,enum,False,YesNo
Inflows,Other,I.O,I.O.1,Derivative Receivables,OK,ReportingEntity,string,True,
Inflows,Other,I.O,I.O.1,Derivative Receivables,OK,Currency,enum,True,Currency
Inflows,Other,I.O,I.O.1,Derivative Receivables,OK,Converted,enum,True,YesNo
Inflows,Other,I.O,I.O.1,Derivative Receivables,OK,Product,string,True,
Inflows,Other,I.O,I.O.1,Derivative Receivables,OK,MaturityAmount,money,False,
Inflows,Other,I.O,I.O.1,Derivative Receivables,OK,MaturityBucket,enum,False,MaturityBucket
Inflows,Other,I.O,I.O.1,Derivative Receivables,OK,ForwardStartAmount,money,False,
Inflows,Other,I.O,I.O.1,Derivative Receivables,OK,ForwardStartBucket,enum,False,MaturityBucket
Inflows,Other,I.O,I.O.1,Derivative Receivables,OK,CollateralClass,enum,False,CollateralClass
Inflows,Other,I.O,I.O.1,Derivative Receivables,OK,CollateralValue,money,False,
Inflows,Other,I.O,I.O.1,Derivative Receivables,OK,TreasuryControl,enum,False,YesNo
Inflows,Other,I.O,I.O.1,Derivative Receivables,OK,Counterparty,enum,False,Counterparty
Inflows,Other,I.O,I.O.1,Derivative Receivables,OK,GSIB,enum,False,YesNo
Inflows,Other,I.O,I.O.1,Derivative Receivables,OK,Internal,enum,False,YesNo
Inflows,Other,I.O,I.O.1,Derivative Receivables,OK,InternalCounterparty,string,False,
Inflows,Other,I.O,I.O.1,Derivative Receivables,OK,BusinessLine,string,False,
Inflows,Other,I.O,I.O.2,Collateral Called for Receipt,OK,ReportingEntity,string,True,
Inflows,Other,I.O,I.O.2,Collateral Called for Receipt,OK,Currency,enum,True,Currency
Inflows,Other,I.O,I.O.2,Collateral Called for Receipt,OK,Converted,enum,True,YesNo
Inflows,Other,I.O,I.O.2,Collateral Called for Receipt,OK,Product,string,True,
Inflows,Other,I.O,I.O.2,Collateral Called for Receipt,OK,MaturityAmount,money,False,
Inflows,Other,I.O,I.O.2,Collateral Called for Receipt,OK,MaturityBucket,enum,False,MaturityBucket
Inflows,Other,I.O,I.O.2,Collateral Called for Receipt,OK,ForwardStartAmount,money,False,
Inflows,Other,I.O,I.O.2,Collateral Called for Receipt,OK,ForwardStartBucket,enum,False,MaturityBucket
Inflows,Other,I.O,I.O.2,Collateral Called for Receipt,OK,CollateralClass,enum,False,CollateralClass
Inflows,Other,I.O,I.O.2,Collateral Called for Receipt,OK,CollateralValue,money,False,
Inflows,Other,I.O,I.O.2,Collateral Called for Receipt,OK,TreasuryControl,enum,False,YesNo
Inflows,Other,I.O,I.O.2,Collateral Called for Receipt,OK,Counterparty,enum,False,Counterparty
Inflows,Other,I.O,I.O.2,Collateral Called for Receipt,OK,GSIB,enum,False,YesNo
Inflows,Other,I.O,I.O.2,Collateral Called for Receipt,OK,Internal,enum,False,YesNo
Inflows,Other,I.O,I.O.2,Collateral Called for Receipt,OK,InternalCounterparty,string,False,
Inflows,Other,I.O,I.O.2,Collateral Called for Receipt,OK,BusinessLine,string,False,
Inflows,Other,I.O,I.O.3,TBA Sales,OK,ReportingEntity,string,True,
Inflows,Other,I.O,I.O.3,TBA Sales,OK,Currency,enum,True,Currency
Inflows,Other,I.O,I.O.3,TBA Sales,OK,Converted,enum,True,YesNo
Inflows,Other,I.O,I.O.3,TBA Sales,OK,Product,string,True,
Inflows,Other,I.O,I.O.3,TBA Sales,OK,MaturityAmount,money,False,
Inflows,Other,I.O,I.O.3,TBA Sales,OK,MaturityBucket,enum,False,MaturityBucket
Inflows,Other,I.O,I.O.3,TBA Sales,OK,ForwardStartAmount,money,False,
Inflows,Other,I.O,I.O.3,TBA Sales,OK,ForwardStartBucket,enum,False,MaturityBucket
Inflows,Other,I.O,I.O.3,TBA Sales,OK,CollateralClass,enum,False,CollateralClass
Inflows,Other,I.O,I.O.3,TBA Sales,OK,CollateralValue,money,False,
Inflows,Other,I.O,I.O.3,TBA Sales,OK,TreasuryControl,enum,False,YesNo
Inflows,Other,I.O,I.O.3,TBA Sales,OK,Counterparty,enum,False,Counterparty
Inflows,Other,I.O,I.O.3,TBA Sales,OK,GSIB,enum,False,YesNo
Inflows,Other,I.O,I.O.3,TBA Sales,OK,Internal,enum,False,YesNo
Inflows,Other,I.O,I.O.3,TBA Sales,OK,InternalCounterparty,string,False,
Inflows,Other,I.O,I.O.3,TBA Sales,OK,BusinessLine,string,False,
Inflows,Other,I.O,I.O.4,Undrawn Committed Facilities Purchased,OK,ReportingEntity,string,True,
Inflows,Other,I.O,I.O.4,Undrawn Committed Facilities Purchased,OK,Currency,enum,True,Currency
Inflows,Other,I.O,I.O.4,Undrawn Committed Facilities Purchased,OK,Converted,enum,True,YesNo
Inflows,Other,I.O,I.O.4,Undrawn Committed Facilities Purchased,OK,Product,string,True,
Inflows,Other,I.O,I.O.4,Undrawn Committed Facilities Purchased,OK,MaturityAmount,money,False,
Inflows,Other,I.O,I.O.4,Undrawn Committed Facilities Purchased,OK,MaturityBucket,enum,False,MaturityBucket
Inflows,Other,I.O,I.O.4,Undrawn Committed Facilities Purchased,OK,ForwardStartAmount,money,False,
Inflows,Other,I.O,I.O.4,Undrawn Committed Facilities Purchased,OK,ForwardStartBucket,enum,False,MaturityBucket
Inflows,Other,I.O,I.O.4,Undrawn Committed Facilities Purchased,OK,CollateralClass,enum,False,CollateralClass
Inflows,Other,I.O,I.O.4,Undrawn Committed Facilities Purchased,OK,CollateralValue,money,False,
Inflows,Other,I.O,I.O.4,Undrawn Committed Facilities Purchased,OK,TreasuryControl,enum,False,YesNo
Inflows,Other,I.O,I.O.4,Undrawn Committed Facilities Purchased,OK,Counterparty,enum,False,Counterparty
Inflows,Other,I.O,I.O.4,Undrawn Committed Facilities Purchased,OK,GSIB,enum,False,YesNo
Inflows,Other,I.O,I.O.4,Undrawn Committed Facilities Purchased,OK,Internal,enum,False,YesNo
Inflows,Other,I.O,I.O.4,Undrawn Committed Facilities Purchased,OK,InternalCounterparty,string,False,
Inflows,Other,I.O,I.O.4,Undrawn Committed Facilities Purchased,OK,BusinessLine,string,False,
Inflows,Other,I.O,I.O.5,Lock-up Balance,OK,ReportingEntity,string,True,
Inflows,Other,I.O,I.O.5,Lock-up Balance,OK,Currency,enum,True,Currency
Inflows,Other,I.O,I.O.5,Lock-up Balance,OK,Converted,enum,True,YesNo
Inflows,Other,I.O,I.O.5,Lock-up Balance,OK,Product,string,True,
Inflows,Other,I.O,I.O.5,Lock-up Balance,OK,MaturityAmount,money,False,
Inflows,Other,I.O,I.O.5,Lock-up Balance,OK,MaturityBucket,enum,False,MaturityBucket
Inflows,Other,I.O,I.O.5,Lock-up Balance,OK,ForwardStartAmount,money,False,
Inflows,Other,I.O,I.O.5,Lock-up Balance,OK,ForwardStartBucket,enum,False,MaturityBucket
Inflows,Other,I.O,I.O.5,Lock-up Balance,OK,CollateralClass,enum,False,CollateralClass
Inflows,Other,I.O,I.O.5,Lock-up Balance,OK,CollateralValue,money,False,
Inflows,Other,I.O,I.O.5,Lock-up Balance,OK,TreasuryControl,enum,False,YesNo
Inflows,Other,I.O,I.O.5,Lock-up Balance,OK,Counterparty,enum,False,Counterparty
Inflows,Other,I.O,I.O.5,Lock-up Balance,OK,GSIB,enum,False,YesNo
Inflows,Other,I.O,I.O.5,Lock-up Balance,OK,Internal,enum,False,YesNo
Inflows,Other,I.O,I.O.5,Lock-up Balance,OK,InternalCounterparty,string,False,
Inflows,Other,I.O,I.O.5,Lock-up Balance,OK,BusinessLine,string,False,
Inflows,Other,I.O,I.O.6,Interest and Dividends Receivable,OK,ReportingEntity,string,True,
Inflows,Other,I.O,I.O.6,Interest and Dividends Receivable,OK,Currency,enum,True,Currency
Inflows,Other,I.O,I.O.6,Interest and Dividends Receivable,OK,Converted,enum,True,YesNo
Inflows,Other,I.O,I.O.6,Interest and Dividends Receivable,OK,Product,string,True,
Inflows,Other,I.O,I.O.6,Interest and Dividends Receivable,OK,MaturityAmount,money,False,
Inflows,Other,I.O,I.O.6,Interest and Dividends Receivable,OK,MaturityBucket,enum,False,MaturityBucket
Inflows,Other,I.O,I.O.6,Interest and Dividends Receivable,OK,ForwardStartAmount,money,False,
Inflows,Other,I.O,I.O.6,Interest and Dividends Receivable,OK,ForwardStartBucket,enum,False,MaturityBucket
Inflows,Other,I.O,I.O.6,Interest and Dividends Receivable,OK,CollateralClass,enum,False,CollateralClass
Inflows,Other,I.O,I.O.6,Interest and Dividends Receivable,OK,CollateralValue,money,False,
Inflows,Other,I.O,I.O.6,Interest and Dividends Receivable,OK,TreasuryControl,enum,False,YesNo
Inflows,Other,I.O,I.O.6,Interest and Dividends Receivable,OK,Counterparty,enum,False,Counterparty
Inflows,Other,I.O,I.O.6,Interest and Dividends Receivable,OK,GSIB,enum,False,YesNo
Inflows,Other,I.O,I.O.6,Interest and Dividends Receivable,OK,Internal,enum,False,YesNo
Inflows,Other,I.O,I.O.6,Interest and Dividends Receivable,OK,InternalCounterparty,string,False,
Inflows,Other,I.O,I.O.6,Interest and Dividends Receivable,OK,BusinessLine,string,False,
Inflows,Other,I.O,I.O.7,Net 30-Day Derivative Receivables,OK,ReportingEntity,string,True,
Inflows,Other,I.O,I.O.7,Net 30-Day Derivative Receivables,OK,Currency,enum,True,Currency
Inflows,Other,I.O,I.O.7,Net 30-Day Derivative Receivables,OK,Converted,enum,True,YesNo
Inflows,Other,I.O,I.O.7,Net 30-Day Derivative Receivables,OK,Product,string,True,
Inflows,Other,I.O,I.O.7,Net 30-Day Derivative Receivables,OK,MaturityAmount,money,False,
Inflows,Other,I.O,I.O.7,Net 30-Day Derivative Receivables,OK,MaturityBucket,enum,False,MaturityBucket
Inflows,Other,I.O,I.O.7,Net 30-Day Derivative Receivables,OK,ForwardStartAmount,money,False,
Inflows,Other,I.O,I.O.7,Net 30-Day Derivative Receivables,OK,ForwardStartBucket,enum,False,MaturityBucket
Inflows,Other,I.O,I.O.7,Net 30-Day Derivative Receivables,OK,CollateralClass,enum,False,CollateralClass
Inflows,Other,I.O,I.O.7,Net 30-Day Derivative Receivables,OK,CollateralValue,money,False,
Inflows,Other,I.O,I.O.7,Net 30-Day Derivative Receivables,OK,TreasuryControl,enum,False,YesNo
Inflows,Other,I.O,I.O.7,Net 30-Day Derivative Receivables,OK,Counterparty,enum,False,Counterparty
Inflows,Other,I.O,I.O.7,Net 30-Day Derivative Receivables,OK,GSIB,enum,False,YesNo
Inflows,Other,I.O,I.O.7,Net 30-Day Derivative Receivables,OK,Internal,enum,False,YesNo
Inflows,Other,I.O,I.O.7,Net 30-Day Derivative Receivables,OK,InternalCounterparty,string,False,
Inflows,Other,I.O,I.O.7,Net 30-Day Derivative Receivables,OK,BusinessLine,string,False,
Inflows,Other,I.O,I.O.8,Principal Payments Receivable on Unencumbered Investment Securities,OK,ReportingEntity,string,True,
Inflows,Other,I.O,I.O.8,Principal Payments Receivable on Unencumbered Investment Securities,OK,Currency,enum,True,Currency
Inflows,Other,I.O,I.O.8,Principal Payments Receivable on Unencumbered Investment Securities,OK,Converted,enum,True,YesNo
Inflows,Other,I.O,I.O.8,Principal Payments Receivable on Unencumbered Investment Securities,OK,Product,string,True,
Inflows,Other,I.O,I.O.8,Principal Payments Receivable on Unencumbered Investment Securities,OK,MaturityAmount,money,False,
Inflows,Other,I.O,I.O.8,Principal Payments Receivable on Unencumbered Investment Securities,OK,MaturityBucket,enum,False,MaturityBucket
Inflows,Other,I.O,I.O.8,Principal Payments Receivable on Unencumbered Investment Securities,OK,ForwardStartAmount,money,False,
Inflows,Other,I.O,I.O.8,Principal Payments Receivable on Unencumbered Investment Securities,OK,ForwardStartBucket,enum,False,MaturityBucket
Inflows,Other,I.O,I.O.8,Principal Payments Receivable on Unencumbered Investment Securities,OK,CollateralClass,enum,False,CollateralClass
Inflows,Other,I.O,I.O.8,Principal Payments Receivable on Unencumbered Investment Securities,OK,CollateralValue,money,False,
Inflows,Other,I.O,I.O.8,Principal Payments Receivable on Unencumbered Investment Securities,OK,TreasuryControl,enum,False,YesNo
Inflows,Other,I.O,I.O.8,Principal Payments Receivable on Unencumbered Investment Securities,OK,Counterparty,enum,False,Counterparty
Inflows,Other,I.O,I.O.8,Principal Payments Receivable on Unencumbered Investment Securities,OK,GSIB,enum,False,YesNo
Inflows,Other,I.O,I.O.8,Principal Payments Receivable on Unencumbered Investment Securities,OK,Internal,enum,False,YesNo
Inflows,Other,I.O,I.O.8,Principal Payments Receivable on Unencumbered Investment Securities,OK,InternalCounterparty,string,False,
Inflows,Other,I.O,I.O.8,Principal Payments Receivable on Unencumbered Investment Securities,OK,BusinessLine,string,False,
Inflows,Other,I.O,I.O.9,Other Cash Inflows,OK,ReportingEntity,string,True,
Inflows,Other,I.O,I.O.9,Other Cash Inflows,OK,Currency,enum,True,Currency
Inflows,Other,I.O,I.O.9,Other Cash Inflows,OK,Converted,enum,True,YesNo
Inflows,Other,I.O,I.O.9,Other Cash Inflows,OK,Product,string,True,
Inflows,Other,I.O,I.O.9,Other Cash Inflows,OK,MaturityAmount,money,False,
Inflows,Other,I.O,I.O.9,Other Cash Inflows,OK,MaturityBucket,enum,False,MaturityBucket
Inflows,Other,I.O,I.O.9,Other Cash Inflows,OK,ForwardStartAmount,money,False,
Inflows,Other,I.O,I.O.9,Other Cash Inflows,OK,ForwardStartBucket,enum,False,MaturityBucket
Inflows,Other,I.O,I.O.9,Other Cash Inflows,OK,CollateralClass,enum,False,CollateralClass
Inflows,Other,I.O,I.O.9,Other Cash Inflows,OK,CollateralValue,money,False,
Inflows,Other,I.O,I.O.9,Other Cash Inflows,OK,TreasuryControl,enum,False,YesNo
Inflows,Other,I.O,I.O.9,Other Cash Inflows,OK,Counterparty,enum,False,Counterparty
Inflows,Other,I.O,I.O.9,Other Cash Inflows,OK,GSIB,enum,False,YesNo
Inflows,Other,I.O,I.O.9,Other Cash Inflows,OK,Internal,enum,False,YesNo
Inflows,Other,I.O,I.O.9,Other Cash Inflows,OK,InternalCounterparty,string,False,
Inflows,Other,I.O,I.O.9,Other Cash Inflows,OK,BusinessLine,string,False,
Outflows,Wholesale,O.W,O.W.1,Asset-Backed Commercial Paper (ABCP) Single-Seller,OK,ReportingEntity,string,True,
Outflows,Wholesale,O.W,O.W.1,Asset-Backed Commercial Paper (ABCP) Single-Seller,OK,Currency,enum,True,Currency
Outflows,Wholesale,O.W,O.W.1,Asset-Backed Commercial Paper (ABCP) Single-Seller,OK,Converted,enum,True,YesNo
Outflows,Wholesale,O.W,O.W.1,Asset-Backed Commercial Paper (ABCP) Single-Seller,OK,Product,string,True,
Outflows,Wholesale,O.W,O.W.1,Asset-Backed Commercial Paper (ABCP) Single-Seller,OK,Counterparty,enum,False,Counterparty
Outflows,Wholesale,O.W,O.W.1,Asset-Backed Commercial Paper (ABCP) Single-Seller,OK,GSIB,enum,False,YesNo
Outflows,Wholesale,O.W,O.W.1,Asset-Backed Commercial Paper (ABCP) Single-Seller,OK,MaturityAmount,money,False,
Outflows,Wholesale,O.W,O.W.1,Asset-Backed Commercial Paper (ABCP) Single-Seller,OK,MaturityBucket,enum,False,MaturityBucket
Outflows,Wholesale,O.W,O.W.1,Asset-Backed Commercial Paper (ABCP) Single-Seller,OK,MaturityOptionality,enum,False,MaturityOptionality
Outflows,Wholesale,O.W,O.W.1,Asset-Backed Commercial Paper (ABCP) Single-Seller,OK,CollateralClass,enum,False,CollateralClass
Outflows,Wholesale,O.W,O.W.1,Asset-Backed Commercial Paper (ABCP) Single-Seller,OK,CollateralValue,money,False,
Outflows,Wholesale,O.W,O.W.1,Asset-Backed Commercial Paper (ABCP) Single-Seller,OK,ForwardStartAmount,money,False,
Outflows,Wholesale,O.W,O.W.1,Asset-Backed Commercial Paper (ABCP) Single-Seller,OK,ForwardStartBucket,enum,False,MaturityBucket
Outflows,Wholesale,O.W,O.W.1,Asset-Backed Commercial Paper (ABCP) Single-Seller,OK,Internal,enum,False,YesNo
Outflows,Wholesale,O.W,O.W.1,Asset-Backed Commercial Paper (ABCP) Single-Seller,OK,InternalCounterparty,string,False,
Outflows,Wholesale,O.W,O.W.1,Asset-Backed Commercial Paper (ABCP) Single-Seller,OK,LossAbsorbency,enum,False,LossAbsorbency
Outflows,Wholesale,O.W,O.W.1,Asset-Backed Commercial Paper (ABCP) Single-Seller,OK,BusinessLine,string,False,
Outflows,Wholesale,O.W,O.W.2,Asset-Backed Commercial Paper (ABCP) Multi-Seller,OK,ReportingEntity,string,True,
Outflows,Wholesale,O.W,O.W.2,Asset-Backed Commercial Paper (ABCP) Multi-Seller,OK,Currency,enum,True,Currency
Outflows,Wholesale,O.W,O.W.2,Asset-Backed Commercial Paper (ABCP) Multi-Seller,OK,Converted,enum,True,YesNo
Outflows,Wholesale,O.W,O.W.2,Asset-Backed Commercial Paper (ABCP) Multi-Seller,OK,Product,string,True,
Outflows,Wholesale,O.W,O.W.2,Asset-Backed Commercial Paper (ABCP) Multi-Seller,OK,Counterparty,enum,False,Counterparty
Outflows,Wholesale,O.W,O.W.2,Asset-Backed Commercial Paper (ABCP) Multi-Seller,OK,GSIB,enum,False,YesNo
Outflows,Wholesale,O.W,O.W.2,Asset-Backed Commercial Paper (ABCP) Multi-Seller,OK,MaturityAmount,money,False,
Outflows,Wholesale,O.W,O.W.2,Asset-Backed Commercial Paper (ABCP) Multi-Seller,OK,MaturityBucket,enum,False,MaturityBucket
Outflows,Wholesale,O.W,O.W.2,Asset-Backed Commercial Paper (ABCP) Multi-Seller,OK,MaturityOptionality,enum,False,MaturityOptionality
Outflows,Wholesale,O.W,O.W.2,Asset-Backed Commercial Paper (ABCP) Multi-Seller,OK,CollateralClass,enum,False,CollateralClass
Outflows,Wholesale,O.W,O.W.2,Asset-Backed Commercial Paper (ABCP) Multi-Seller,OK,CollateralValue,money,False,
Outflows,Wholesale,O.W,O.W.2,Asset-Backed Commercial Paper (ABCP) Multi-Seller,OK,ForwardStartAmount,money,False,
Outflows,Wholesale,O.W,O.W.2,Asset-Backed Commercial Paper (ABCP) Multi-Seller,OK,ForwardStartBucket,enum,False,MaturityBucket
Outflows,Wholesale,O.W,O.W.2,Asset-Backed Commercial Paper (ABCP) Multi-Seller,OK,Internal,enum,False,YesNo
Outflows,Wholesale,O.W,O.W.2,Asset-Backed Commercial Paper (ABCP) Multi-Seller,OK,InternalCounterparty,string,False,
Outflows,Wholesale,O.W,O.W.2,Asset-Backed Commercial Paper (ABCP) Multi-Seller,OK,LossAbsorbency,enum,False,LossAbsorbency
Outflows,Wholesale,O.W,O.W.2,Asset-Backed Commercial Paper (ABCP) Multi-Seller,OK,BusinessLine,string,False,
Outflows,Wholesale,O.W,O.W.3,Collateralized Commercial Paper,OK,ReportingEntity,string,True,
Outflows,Wholesale,O.W,O.W.3,Collateralized Commercial Paper,OK,Currency,enum,True,Currency
Outflows,Wholesale,O.W,O.W.3,Collateralized Commercial Paper,OK,Converted,enum,True,YesNo
Outflows,Wholesale,O.W,O.W.3,Collateralized Commercial Paper,OK,Product,string,True,
Outflows,Wholesale,O.W,O.W.3,Collateralized Commercial Paper,OK,Counterparty,enum,False,Counterparty
Outflows,Wholesale,O.W,O.W.3,Collateralized Commercial Paper,OK,GSIB,enum,False,YesNo
Outflows,Wholesale,O.W,O.W.3,Collateralized Commercial Paper,OK,MaturityAmount,money,False,
Outflows,Wholesale,O.W,O.W.3,Collateralized Commercial Paper,OK,MaturityBucket,enum,False,MaturityBucket
Outflows,Wholesale,O.W,O.W.3,Collateralized Commercial Paper,OK,MaturityOptionality,enum,False,MaturityOptionality
Outflows,Wholesale,O.W,O.W.3,Collateralized Commercial Paper,OK,CollateralClass,enum,False,CollateralClass
Outflows,Wholesale,O.W,O.W.3,Collateralized Commercial Paper,OK,CollateralValue,money,False,
Outflows,Wholesale,O.W,O.W.3,Collateralized Commercial Paper,OK,ForwardStartAmount,money,False,
Outflows,Wholesale,O.W,O.W.3,Collateralized Commercial Paper,OK,ForwardStartBucket,enum,False,MaturityBucket
Outflows,Wholesale,O.W,O.W.3,Collateralized Commercial Paper,OK,Internal,enum,False,YesNo
Outflows,Wholesale,O.W,O.W.3,Collateralized Commercial Paper,OK,InternalCounterparty,string,False,
Outflows,Wholesale,O.W,O.W.3,Collateralized Commercial Paper,OK,LossAbsorbency,enum,False,LossAbsorbency
Outflows,Wholesale,O.W,O.W.3,Collateralized Commercial Paper,OK,BusinessLine,string,False,
Outflows,Wholesale,O.W,O.W.4,Asset-Backed Securities (ABS),OK,ReportingEntity,string,True,
Outflows,Wholesale,O.W,O.W.4,Asset-Backed Securities (ABS),OK,Currency,enum,True,Currency
Outflows,Wholesale,O.W,O.W.4,Asset-Backed Securities (ABS),OK,Converted,enum,True,YesNo
Outflows,Wholesale,O.W,O.W.4,Asset-Backed Securities (ABS),OK,Product,string,True,
Outflows,Wholesale,O.W,O.W.4,Asset-Backed Securities (ABS),OK,Counterparty,enum,False,Counterparty
Outflows,Wholesale,O.W,O.W.4,Asset-Backed Securities (ABS),OK,GSIB,enum,False,YesNo
Outflows,Wholesale,O.W,O.W.4,Asset-Backed Securities (ABS),OK,MaturityAmount,money,False,
Outflows,Wholesale,O.W,O.W.4,Asset-Backed Securities (ABS),OK,MaturityBucket,enum,False,MaturityBucket
Outflows,Wholesale,O.W,O.W.4,Asset-Backed Securities (ABS),OK,MaturityOptionality,enum,False,MaturityOptionality
Outflows,Wholesale,O.W,O.W.4,Asset-Backed Securities (ABS),OK,CollateralClass,enum,False,CollateralClass
Outflows,Wholesale,O.W,O.W.4,Asset-Backed Securities (ABS),OK,CollateralValue,money,False,
Outflows,Wholesale,O.W,O.W.4,Asset-Backed Securities (ABS),OK,ForwardStartAmount,money,False,
Outflows,Wholesale,O.W,O.W.4,Asset-Backed Securities (ABS),OK,ForwardStartBucket,enum,False,MaturityBucket
Outflows,Wholesale,O.W,O.W.4,Asset-Backed Securities (ABS),OK,Internal,enum,False,YesNo
Outflows,Wholesale,O.W,O.W.4,Asset-Backed Securities (ABS),OK,InternalCounterparty,string,False,
Outflows,Wholesale,O.W,O.W.4,Asset-Backed Securities (ABS),OK,LossAbsorbency,enum,False,LossAbsorbency
Outflows,Wholesale,O.W,O.W.4,Asset-Backed Securities (ABS),OK,BusinessLine,string,False,
Outflows,Wholesale,O.W,O.W.5,Covered Bonds,OK,ReportingEntity,string,True,
Outflows,Wholesale,O.W,O.W.5,Covered Bonds,OK,Currency,enum,True,Currency
Outflows,Wholesale,O.W,O.W.5,Covered Bonds,OK,Converted,enum,True,YesNo
Outflows,Wholesale,O.W,O.W.5,Covered Bonds,OK,Product,string,True,
Outflows,Wholesale,O.W,O.W.5,Covered Bonds,OK,Counterparty,enum,False,Counterparty
Outflows,Wholesale,O.W,O.W.5,Covered Bonds,OK,GSIB,enum,False,YesNo
Outflows,Wholesale,O.W,O.W.5,Covered Bonds,OK,MaturityAmount,money,False,
Outflows,Wholesale,O.W,O.W.5,Covered Bonds,OK,MaturityBucket,enum,False,MaturityBucket
Outflows,Wholesale,O.W,O.W.5,Covered Bonds,OK,MaturityOptionality,enum,False,MaturityOptionality
Outflows,Wholesale,O.W,O.W.5,Covered Bonds,OK,CollateralClass,enum,False,CollateralClass
Outflows,Wholesale,O.W,O.W.5,Covered Bonds,OK,CollateralValue,money,False,
Outflows,Wholesale,O.W,O.W.5,Covered Bonds,OK,ForwardStartAmount,money,False,
Outflows,Wholesale,O.W,O.W.5,Covered Bonds,OK,ForwardStartBucket,enum,False,MaturityBucket
Outflows,Wholesale,O.W,O.W.5,Covered Bonds,OK,Internal,enum,False,YesNo
Outflows,Wholesale,O.W,O.W.5,Covered Bonds,OK,InternalCounterparty,string,False,
Outflows,Wholesale,O.W,O.W.5,Covered Bonds,OK,LossAbsorbency,enum,False,LossAbsorbency
Outflows,Wholesale,O.W,O.W.5,Covered Bonds,OK,BusinessLine,string,False,
Outflows,Wholesale,O.W,O.W.6,Tender Option Bonds,OK,ReportingEntity,string,True,
Outflows,Wholesale,O.W,O.W.6,Tender Option Bonds,OK,Currency,enum,True,Currency
Outflows,Wholesale,O.W,O.W.6,Tender Option Bonds,OK,Converted,enum,True,YesNo
Outflows,Wholesale,O.W,O.W.6,Tender Option Bonds,OK,Product,string,True,
Outflows,Wholesale,O.W,O.W.6,Tender Option Bonds,OK,Counterparty,enum,False,Counterparty
Outflows,Wholesale,O.W,O.W.6,Tender Option Bonds,OK,GSIB,enum,False,YesNo
Outflows,Wholesale,O.W,O.W.6,Tender Option Bonds,OK,MaturityAmount,money,False,
Outflows,Wholesale,O.W,O.W.6,Tender Option Bonds,OK,MaturityBucket,enum,False,MaturityBucket
Outflows,Wholesale,O.W,O.W.6,Tender Option Bonds,OK,MaturityOptionality,enum,False,MaturityOptionality
Outflows,Wholesale,O.W,O.W.6,Tender Option Bonds,OK,CollateralClass,enum,False,CollateralClass
Outflows,Wholesale,O.W,O.W.6,Tender Option Bonds,OK,CollateralValue,money,False,
Outflows,Wholesale,O.W,O.W.6,Tender Option Bonds,OK,ForwardStartAmount,money,False,
Outflows,Wholesale,O.W,O.W.6,Tender Option Bonds,OK,ForwardStartBucket,enum,False,MaturityBucket
Outflows,Wholesale,O.W,O.W.6,Tender Option Bonds,OK,Internal,enum,False,YesNo
Outflows,Wholesale,O.W,O.W.6,Tender Option Bonds,OK,InternalCounterparty,string,False,
Outflows,Wholesale,O.W,O.W.6,Tender Option Bonds,OK,LossAbsorbency,enum,False,LossAbsorbency
Outflows,Wholesale,O.W,O.W.6,Tender Option Bonds,OK,BusinessLine,string,False,
Outflows,Wholesale,O.W,O.W.7,Other Asset-Backed Financing,OK,ReportingEntity,string,True,
Outflows,Wholesale,O.W,O.W.7,Other Asset-Backed Financing,OK,Currency,enum,True,Currency
Outflows,Wholesale,O.W,O.W.7,Other Asset-Backed Financing,OK,Converted,enum,True,YesNo
Outflows,Wholesale,O.W,O.W.7,Other Asset-Backed Financing,OK,Product,string,True,
Outflows,Wholesale,O.W,O.W.7,Other Asset-Backed Financing,OK,Counterparty,enum,False,Counterparty
Outflows,Wholesale,O.W,O.W.7,Other Asset-Backed Financing,OK,GSIB,enum,False,YesNo
Outflows,Wholesale,O.W,O.W.7,Other Asset-Backed Financing,OK,MaturityAmount,money,False,
Outflows,Wholesale,O.W,O.W.7,Other Asset-Backed Financing,OK,MaturityBucket,enum,False,MaturityBucket
Outflows,Wholesale,O.W,O.W.7,Other Asset-Backed Financing,OK,MaturityOptionality,enum,False,MaturityOptionality
Outflows,Wholesale,O.W,O.W.7,Other Asset-Backed Financing,OK,CollateralClass,enum,False,CollateralClass
Outflows,Wholesale,O.W,O.W.7,Other Asset-Backed Financing,OK,CollateralValue,money,False,
Outflows,Wholesale,O.W,O.W.7,Other Asset-Backed Financing,OK,ForwardStartAmount,money,False,
Outflows,Wholesale,O.W,O.W.7,Other Asset-Backed Financing,OK,ForwardStartBucket,enum,False,MaturityBucket
Outflows,Wholesale,O.W,O.W.7,Other Asset-Backed Financing,OK,Internal,enum,False,YesNo
Outflows,Wholesale,O.W,O.W.7,Other Asset-Backed Financing,OK,InternalCounterparty,string,False,
Outflows,Wholesale,O.W,O.W.7,Other Asset-Backed Financing,OK,LossAbsorbency,enum,False,LossAbsorbency
Outflows,Wholesale,O.W,O.W.7,Other Asset-Backed Financing,OK,BusinessLine,string,False,
Outflows,Wholesale,O.W,O.W.8,Commercial Paper,OK,ReportingEntity,string,True,
Outflows,Wholesale,O.W,O.W.8,Commercial Paper,OK,Currency,enum,True,Currency
Outflows,Wholesale,O.W,O.W.8,Commercial Paper,OK,Converted,enum,True,YesNo
Outflows,Wholesale,O.W,O.W.8,Commercial Paper,OK,Product,string,True,
Outflows,Wholesale,O.W,O.W.8,Commercial Paper,OK,Counterparty,enum,False,Counterparty
Outflows,Wholesale,O.W,O.W.8,Commercial Paper,OK,GSIB,enum,False,YesNo
Outflows,Wholesale,O.W,O.W.8,Commercial Paper,OK,MaturityAmount,money,False,
Outflows,Wholesale,O.W,O.W.8,Commercial Paper,OK,MaturityBucket,enum,False,MaturityBucket
Outflows,Wholesale,O.W,O.W.8,Commercial Paper,OK,MaturityOptionality,enum,False,MaturityOptionality
Outflows,Wholesale,O.W,O.W.8,Commercial Paper,OK,CollateralClass,enum,False,CollateralClass
Outflows,Wholesale,O.W,O.W.8,Commercial Paper,OK,CollateralValue,money,False,
Outflows,Wholesale,O.W,O.W.8,Commercial Paper,OK,ForwardStartAmount,money,False,
Outflows,Wholesale,O.W,O.W.8,Commercial Paper,OK,ForwardStartBucket,enum,False,MaturityBucket
Outflows,Wholesale,O.W,O.W.8,Commercial Paper,OK,Internal,enum,False,YesNo
Outflows,Wholesale,O.W,O.W.8,Commercial Paper,OK,InternalCounterparty,string,False,
Outflows,Wholesale,O.W,O.W.8,Commercial Paper,OK,LossAbsorbency,enum,False,LossAbsorbency
Outflows,Wholesale,O.W,O.W.8,Commercial Paper,OK,BusinessLine,string,False,
Outflows,Wholesale,O.W,O.W.9,Onshore Borrowing,OK,ReportingEntity,string,True,
Outflows,Wholesale,O.W,O.W.9,Onshore Borrowing,OK,Currency,enum,True,Currency
Outflows,Wholesale,O.W,O.W.9,Onshore Borrowing,OK,Converted,enum,True,YesNo
Outflows,Wholesale,O.W,O.W.9,Onshore Borrowing,OK,Product,string,True,
Outflows,Wholesale,O.W,O.W.9,Onshore Borrowing,OK,Counterparty,enum,False,Counterparty
Outflows,Wholesale,O.W,O.W.9,Onshore Borrowing,OK,GSIB,enum,False,YesNo
Outflows,Wholesale,O.W,O.W.9,Onshore Borrowing,OK,MaturityAmount,money,False,
Outflows,Wholesale,O.W,O.W.9,Onshore Borrowing,OK,MaturityBucket,enum,False,MaturityBucket
Outflows,Wholesale,O.W,O.W.9,Onshore Borrowing,OK,MaturityOptionality,enum,False,MaturityOptionality
Outflows,Wholesale,O.W,O.W.9,Onshore Borrowing,OK,CollateralClass,enum,False,CollateralClass
Outflows,Wholesale,O.W,O.W.9,Onshore Borrowing,OK,CollateralValue,money,False,
Outflows,Wholesale,O.W,O.W.9,Onshore Borrowing,OK,ForwardStartAmount,money,False,
Outflows,Wholesale,O.W,O.W.9,Onshore Borrowing,OK,ForwardStartBucket,enum,False,MaturityBucket
Outflows,Wholesale,O.W,O.W.9,Onshore Borrowing,OK,Internal,enum,False,YesNo
Outflows,Wholesale,O.W,O.W.9,Onshore Borrowing,OK,InternalCounterparty,string,False,
Outflows,Wholesale,O.W,O.W.9,Onshore Borrowing,OK,LossAbsorbency,enum,False,LossAbsorbency
Outflows,Wholesale,O.W,O.W.9,Onshore Borrowing,OK,BusinessLine,string,False,
Outflows,Wholesale,O.W,O.W.10,Offshore Borrowing,OK,ReportingEntity,string,True,
Outflows,Wholesale,O.W,O.W.10,Offshore Borrowing,OK,Currency,enum,True,Currency
Outflows,Wholesale,O.W,O.W.10,Offshore Borrowing,OK,Converted,enum,True,YesNo
Outflows,Wholesale,O.W,O.W.10,Offshore Borrowing,OK,Product,string,True,
Outflows,Wholesale,O.W,O.W.10,Offshore Borrowing,OK,Counterparty,enum,False,Counterparty
Outflows,Wholesale,O.W,O.W.10,Offshore Borrowing,OK,GSIB,enum,False,YesNo
Outflows,Wholesale,O.W,O.W.10,Offshore Borrowing,OK,MaturityAmount,money,False,
Outflows,Wholesale,O.W,O.W.10,Offshore Borrowing,OK,MaturityBucket,enum,False,MaturityBucket
Outflows,Wholesale,O.W,O.W.10,Offshore Borrowing,OK,MaturityOptionality,enum,False,MaturityOptionality
Outflows,Wholesale,O.W,O.W.10,Offshore Borrowing,OK,CollateralClass,enum,False,CollateralClass
Outflows,Wholesale,O.W,O.W.10,Offshore Borrowing,OK,CollateralValue,money,False,
Outflows,Wholesale,O.W,O.W.10,Offshore Borrowing,OK,ForwardStartAmount,money,False,
Outflows,Wholesale,O.W,O.W.10,Offshore Borrowing,OK,ForwardStartBucket,enum,False,MaturityBucket
Outflows,Wholesale,O.W,O.W.10,Offshore Borrowing,OK,Internal,enum,False,YesNo
Outflows,Wholesale,O.W,O.W.10,Offshore Borrowing,OK,InternalCounterparty,string,False,
Outflows,Wholesale,O.W,O.W.10,Offshore Borrowing,OK,LossAbsorbency,enum,False,LossAbsorbency
Outflows,Wholesale,O.W,O.W.10,Offshore Borrowing,OK,BusinessLine,string,False,
Outflows,Wholesale,O.W,O.W.11,Unstructured Long Term Debt,OK,ReportingEntity,string,True,
Outflows,Wholesale,O.W,O.W.11,Unstructured Long Term Debt,OK,Currency,enum,True,Currency
Outflows,Wholesale,O.W,O.W.11,Unstructured Long Term Debt,OK,Converted,enum,True,YesNo
Outflows,Wholesale,O.W,O.W.11,Unstructured Long Term Debt,OK,Product,string,True,
Outflows,Wholesale,O.W,O.W.11,Unstructured Long Term Debt,OK,Counterparty,enum,False,Counterparty
Outflows,Wholesale,O.W,O.W.11,Unstructured Long Term Debt,OK,GSIB,enum,False,YesNo
Outflows,Wholesale,O.W,O.W.11,Unstructured Long Term Debt,OK,MaturityAmount,money,False,
Outflows,Wholesale,O.W,O.W.11,Unstructured Long Term Debt,OK,MaturityBucket,enum,False,MaturityBucket
Outflows,Wholesale,O.W,O.W.11,Unstructured Long Term Debt,OK,MaturityOptionality,enum,False,MaturityOptionality
Outflows,Wholesale,O.W,O.W.11,Unstructured Long Term Debt,OK,CollateralClass,enum,False,CollateralClass
Outflows,Wholesale,O.W,O.W.11,Unstructured Long Term Debt,OK,CollateralValue,money,False,
Outflows,Wholesale,O.W,O.W.11,Unstructured Long Term Debt,OK,ForwardStartAmount,money,False,
Outflows,Wholesale,O.W,O.W.11,Unstructured Long Term Debt,OK,ForwardStartBucket,enum,False,MaturityBucket
Outflows,Wholesale,O.W,O.W.11,Unstructured Long Term Debt,OK,Internal,enum,False,YesNo
Outflows,Wholesale,O.W,O.W.11,Unstructured Long Term Debt,OK,InternalCounterparty,string,False,
Outflows,Wholesale,O.W,O.W.11,Unstructured Long Term Debt,OK,LossAbsorbency,enum,False,LossAbsorbency
Outflows,Wholesale,O.W,O.W.11,Unstructured Long Term Debt,OK,BusinessLine,string,False,
Outflows,Wholesale,O.W,O.W.12,Structured Long Term Debt,OK,ReportingEntity,string,True,
Outflows,Wholesale,O.W,O.W.12,Structured Long Term Debt,OK,Currency,enum,True,Currency
Outflows,Wholesale,O.W,O.W.12,Structured Long Term Debt,OK,Converted,enum,True,YesNo
Outflows,Wholesale,O.W,O.W.12,Structured Long Term Debt,OK,Product,string,True,
Outflows,Wholesale,O.W,O.W.12,Structured Long Term Debt,OK,Counterparty,enum,False,Counterparty
Outflows,Wholesale,O.W,O.W.12,Structured Long Term Debt,OK,GSIB,enum,False,YesNo
Outflows,Wholesale,O.W,O.W.12,Structured Long Term Debt,OK,MaturityAmount,money,False,
Outflows,Wholesale,O.W,O.W.12,Structured Long Term Debt,OK,MaturityBucket,enum,False,MaturityBucket
Outflows,Wholesale,O.W,O.W.12,Structured Long Term Debt,OK,MaturityOptionality,enum,False,MaturityOptionality
Outflows,Wholesale,O.W,O.W.12,Structured Long Term Debt,OK,CollateralClass,enum,False,CollateralClass
Outflows,Wholesale,O.W,O.W.12,Structured Long Term Debt,OK,CollateralValue,money,False,
Outflows,Wholesale,O.W,O.W.12,Structured Long Term Debt,OK,ForwardStartAmount,money,False,
Outflows,Wholesale,O.W,O.W.12,Structured Long Term Debt,OK,ForwardStartBucket,enum,False,MaturityBucket
Outflows,Wholesale,O.W,O.W.12,Structured Long Term Debt,OK,Internal,enum,False,YesNo
Outflows,Wholesale,O.W,O.W.12,Structured Long Term Debt,OK,InternalCounterparty,string,False,
Outflows,Wholesale,O.W,O.W.12,Structured Long Term Debt,OK,LossAbsorbency,enum,False,LossAbsorbency
Outflows,Wholesale,O.W,O.W.12,Structured Long Term Debt,OK,BusinessLine,string,False,
Outflows,Wholesale,O.W,O.W.13,Government Supported Debt,OK,ReportingEntity,string,True,
Outflows,Wholesale,O.W,O.W.13,Government Supported Debt,OK,Currency,enum,True,Currency
Outflows,Wholesale,O.W,O.W.13,Government Supported Debt,OK,Converted,enum,True,YesNo
Outflows,Wholesale,O.W,O.W.13,Government Supported Debt,OK,Product,string,True,
Outflows,Wholesale,O.W,O.W.13,Government Supported Debt,OK,Counterparty,enum,False,Counterparty
Outflows,Wholesale,O.W,O.W.13,Government Supported Debt,OK,GSIB,enum,False,YesNo
Outflows,Wholesale,O.W,O.W.13,Government Supported Debt,OK,MaturityAmount,money,False,
Outflows,Wholesale,O.W,O.W.13,Government Supported Debt,OK,MaturityBucket,enum,False,MaturityBucket
Outflows,Wholesale,O.W,O.W.13,Government Supported Debt,OK,MaturityOptionality,enum,False,MaturityOptionality
Outflows,Wholesale,O.W,O.W.13,Government Supported Debt,OK,CollateralClass,enum,False,CollateralClass
Outflows,Wholesale,O.W,O.W.13,Government Supported Debt,OK,CollateralValue,money,False,
Outflows,Wholesale,O.W,O.W.13,Government Supported Debt,OK,ForwardStartAmount,money,False,
Outflows,Wholesale,O.W,O.W.13,Government Supported Debt,OK,ForwardStartBucket,enum,False,MaturityBucket
Outflows,Wholesale,O.W,O.W.13,Government Supported Debt,OK,Internal,enum,False,YesNo
Outflows,Wholesale,O.W,O.W.13,Government Supported Debt,OK,InternalCounterparty,string,False,
Outflows,Wholesale,O.W,O.W.13,Government Supported Debt,OK,LossAbsorbency,enum,False,LossAbsorbency
Outflows,Wholesale,O.W,O.W.13,Government Supported Debt,OK,BusinessLine,string,False,
Outflows,Wholesale,O.W,O.W.14,Unsecured Notes,OK,ReportingEntity,string,True,
Outflows,Wholesale,O.W,O.W.14,Unsecured Notes,OK,Currency,enum,True,Currency
Outflows,Wholesale,O.W,O.W.14,Unsecured Notes,OK,Converted,enum,True,YesNo
Outflows,Wholesale,O.W,O.W.14,Unsecured Notes,OK,Product,string,True,
Outflows,Wholesale,O.W,O.W.14,Unsecured Notes,OK,Counterparty,enum,False,Counterparty
Outflows,Wholesale,O.W,O.W.14,Unsecured Notes,OK,GSIB,enum,False,YesNo
Outflows,Wholesale,O.W,O.W.14,Unsecured Notes,OK,MaturityAmount,money,False,
Outflows,Wholesale,O.W,O.W.14,Unsecured Notes,OK,MaturityBucket,enum,False,MaturityBucket
Outflows,Wholesale,O.W,O.W.14,Unsecured Notes,OK,MaturityOptionality,enum,False,MaturityOptionality
Outflows,Wholesale,O.W,O.W.14,Unsecured Notes,OK,CollateralClass,enum,False,CollateralClass
Outflows,Wholesale,O.W,O.W.14,Unsecured Notes,OK,CollateralValue,money,False,
Outflows,Wholesale,O.W,O.W.14,Unsecured Notes,OK,ForwardStartAmount,money,False,
Outflows,Wholesale,O.W,O.W.14,Unsecured Notes,OK,ForwardStartBucket,enum,False,MaturityBucket
Outflows,Wholesale,O.W,O.W.14,Unsecured Notes,OK,Internal,enum,False,YesNo
Outflows,Wholesale,O.W,O.W.14,Unsecured Notes,OK,InternalCounterparty,string,False,
Outflows,Wholesale,O.W,O.W.14,Unsecured Notes,OK,LossAbsorbency,enum,False,LossAbsorbency
Outflows,Wholesale,O.W,O.W.14,Unsecured Notes,OK,BusinessLine,string,False,
Outflows,Wholesale,O.W,O.W.15,Structured Notes,OK,ReportingEntity,string,True,
Outflows,Wholesale,O.W,O.W.15,Structured Notes,OK,Currency,enum,True,Currency
Outflows,Wholesale,O.W,O.W.15,Structured Notes,OK,Converted,enum,True,YesNo
Outflows,Wholesale,O.W,O.W.15,Structured Notes,OK,Product,string,True,
Outflows,Wholesale,O.W,O.W.15,Structured Notes,OK,Counterparty,enum,False,Counterparty
Outflows,Wholesale,O.W,O.W.15,Structured Notes,OK,GSIB,enum,False,YesNo
Outflows,Wholesale,O.W,O.W.15,Structured Notes,OK,MaturityAmount,money,False,
Outflows,Wholesale,O.W,O.W.15,Structured Notes,OK,MaturityBucket,enum,False,MaturityBucket
Outflows,Wholesale,O.W,O.W.15,Structured Notes,OK,MaturityOptionality,enum,False,MaturityOptionality
Outflows,Wholesale,O.W,O.W.15,Structured Notes,OK,CollateralClass,enum,False,CollateralClass
Outflows,Wholesale,O.W,O.W.15,Structured Notes,OK,CollateralValue,money,False,
Outflows,Wholesale,O.W,O.W.15,Structured Notes,OK,ForwardStartAmount,money,False,
Outflows,Wholesale,O.W,O.W.15,Structured Notes,OK,ForwardStartBucket,enum,False,MaturityBucket
Outflows,Wholesale,O.W,O.W.15,Structured Notes,OK,Internal,enum,False,YesNo
Outflows,Wholesale,O.W,O.W.15,Structured Notes,OK,InternalCounterparty,string,False,
Outflows,Wholesale,O.W,O.W.15,Structured Notes,OK,LossAbsorbency,enum,False,LossAbsorbency
Outflows,Wholesale,O.W,O.W.15,Structured Notes,OK,BusinessLine,string,False,
Outflows,Wholesale,O.W,O.W.16,Wholesale CDs,OK,ReportingEntity,string,True,
Outflows,Wholesale,O.W,O.W.16,Wholesale CDs,OK,Currency,enum,True,Currency
Outflows,Wholesale,O.W,O.W.16,Wholesale CDs,OK,Converted,enum,True,YesNo
Outflows,Wholesale,O.W,O.W.16,Wholesale CDs,OK,Product,string,True,
Outflows,Wholesale,O.W,O.W.16,Wholesale CDs,OK,Counterparty,enum,False,Counterparty
Outflows,Wholesale,O.W,O.W.16,Wholesale CDs,OK,GSIB,enum,False,YesNo
Outflows,Wholesale,O.W,O.W.16,Wholesale CDs,OK,MaturityAmount,money,False,
Outflows,Wholesale,O.W,O.W.16,Wholesale CDs,OK,MaturityBucket,enum,False,MaturityBucket
Outflows,Wholesale,O.W,O.W.16,Wholesale CDs,OK,MaturityOptionality,enum,False,MaturityOptionality
Outflows,Wholesale,O.W,O.W.16,Wholesale CDs,OK,CollateralClass,enum,False,CollateralClass
Outflows,Wholesale,O.W,O.W.16,Wholesale CDs,OK,CollateralValue,money,False,
Outflows,Wholesale,O.W,O.W.16,Wholesale CDs,OK,ForwardStartAmount,money,False,
Outflows,Wholesale,O.W,O.W.16,Wholesale CDs,OK,ForwardStartBucket,enum,False,MaturityBucket
Outflows,Wholesale,O.W,O.W.16,Wholesale CDs,OK,Internal,enum,False,YesNo
Outflows,Wholesale,O.W,O.W.16,Wholesale CDs,OK,InternalCounterparty,string,False,
Outflows,Wholesale,O.W,O.W.16,Wholesale CDs,OK,LossAbsorbency,enum,False,LossAbsorbency
Outflows,Wholesale,O.W,O.W.16,Wholesale CDs,OK,BusinessLine,string,False,
Outflows,Wholesale,O.W,O.W.17,Draws on Committed Lines,OK,ReportingEntity,string,True,
Outflows,Wholesale,O.W,O.W.17,Draws on Committed Lines,OK,Currency,enum,True,Currency
Outflows,Wholesale,O.W,O.W.17,Draws on Committed Lines,OK,Converted,enum,True,YesNo
Outflows,Wholesale,O.W,O.W.17,Draws on Committed Lines,OK,Product,string,True,
Outflows,Wholesale,O.W,O.W.17,Draws on Committed Lines,OK,Counterparty,enum,False,Counterparty
Outflows,Wholesale,O.W,O.W.17,Draws on Committed Lines,OK,GSIB,enum,False,YesNo
Outflows,Wholesale,O.W,O.W.17,Draws on Committed Lines,OK,MaturityAmount,money,False,
Outflows,Wholesale,O.W,O.W.17,Draws on Committed Lines,OK,MaturityBucket,enum,False,MaturityBucket
Outflows,Wholesale,O.W,O.W.17,Draws on Committed Lines,OK,MaturityOptionality,enum,False,MaturityOptionality
Outflows,Wholesale,O.W,O.W.17,Draws on Committed Lines,OK,CollateralClass,enum,False,CollateralClass
Outflows,Wholesale,O.W,O.W.17,Draws on Committed Lines,OK,CollateralValue,money,False,
Outflows,Wholesale,O.W,O.W.17,Draws on Committed Lines,OK,ForwardStartAmount,money,False,
Outflows,Wholesale,O.W,O.W.17,Draws on Committed Lines,OK,ForwardStartBucket,enum,False,MaturityBucket
Outflows,Wholesale,O.W,O.W.17,Draws on Committed Lines,OK,Internal,enum,False,YesNo
Outflows,Wholesale,O.W,O.W.17,Draws on Committed Lines,OK,InternalCounterparty,string,False,
Outflows,Wholesale,O.W,O.W.17,Draws on Committed Lines,OK,LossAbsorbency,enum,False,LossAbsorbency
Outflows,Wholesale,O.W,O.W.17,Draws on Committed Lines,OK,BusinessLine,string,False,
Outflows,Wholesale,O.W,O.W.18,Free Credits,OK,ReportingEntity,string,True,
Outflows,Wholesale,O.W,O.W.18,Free Credits,OK,Currency,enum,True,Currency
Outflows,Wholesale,O.W,O.W.18,Free Credits,OK,Converted,enum,True,YesNo
Outflows,Wholesale,O.W,O.W.18,Free Credits,OK,Product,string,True,
Outflows,Wholesale,O.W,O.W.18,Free Credits,OK,Counterparty,enum,False,Counterparty
Outflows,Wholesale,O.W,O.W.18,Free Credits,OK,GSIB,enum,False,YesNo
Outflows,Wholesale,O.W,O.W.18,Free Credits,OK,MaturityAmount,money,False,
Outflows,Wholesale,O.W,O.W.18,Free Credits,OK,MaturityBucket,enum,False,MaturityBucket
Outflows,Wholesale,O.W,O.W.18,Free Credits,OK,MaturityOptionality,enum,False,MaturityOptionality
Outflows,Wholesale,O.W,O.W.18,Free Credits,OK,CollateralClass,enum,False,CollateralClass
Outflows,Wholesale,O.W,O.W.18,Free Credits,OK,CollateralValue,money,False,
Outflows,Wholesale,O.W,O.W.18,Free Credits,OK,ForwardStartAmount,money,False,
Outflows,Wholesale,O.W,O.W.18,Free Credits,OK,ForwardStartBucket,enum,False,MaturityBucket
Outflows,Wholesale,O.W,O.W.18,Free Credits,OK,Internal,enum,False,YesNo
Outflows,Wholesale,O.W,O.W.18,Free Credits,OK,InternalCounterparty,string,False,
Outflows,Wholesale,O.W,O.W.18,Free Credits,OK,LossAbsorbency,enum,False,LossAbsorbency
Outflows,Wholesale,O.W,O.W.18,Free Credits,OK,BusinessLine,string,False,
Outflows,Wholesale,O.W,O.W.19,Other Unsecured Financing,OK,ReportingEntity,string,True,
Outflows,Wholesale,O.W,O.W.19,Other Unsecured Financing,OK,Currency,enum,True,Currency
Outflows,Wholesale,O.W,O.W.19,Other Unsecured Financing,OK,Converted,enum,True,YesNo
Outflows,Wholesale,O.W,O.W.19,Other Unsecured Financing,OK,Product,string,True,
Outflows,Wholesale,O.W,O.W.19,Other Unsecured Financing,OK,Counterparty,enum,False,Counterparty
Outflows,Wholesale,O.W,O.W.19,Other Unsecured Financing,OK,GSIB,enum,False,YesNo
Outflows,Wholesale,O.W,O.W.19,Other Unsecured Financing,OK,MaturityAmount,money,False,
Outflows,Wholesale,O.W,O.W.19,Other Unsecured Financing,OK,MaturityBucket,enum,False,MaturityBucket
Outflows,Wholesale,O.W,O.W.19,Other Unsecured Financing,OK,MaturityOptionality,enum,False,MaturityOptionality
Outflows,Wholesale,O.W,O.W.19,Other Unsecured Financing,OK,CollateralClass,enum,False,CollateralClass
Outflows,Wholesale,O.W,O.W.19,Other Unsecured Financing,OK,CollateralValue,money,False,
Outflows,Wholesale,O.W,O.W.19,Other Unsecured Financing,OK,ForwardStartAmount,money,False,
Outflows,Wholesale,O.W,O.W.19,Other Unsecured Financing,OK,ForwardStartBucket,enum,False,MaturityBucket
Outflows,Wholesale,O.W,O.W.19,Other Unsecured Financing,OK,Internal,enum,False,YesNo
Outflows,Wholesale,O.W,O.W.19,Other Unsecured Financing,OK,InternalCounterparty,string,False,
Outflows,Wholesale,O.W,O.W.19,Other Unsecured Financing,OK,LossAbsorbency,enum,False,LossAbsorbency
Outflows,Wholesale,O.W,O.W.19,Other Unsecured Financing,OK,BusinessLine,string,False,
Outflows,Secured,O.S,O.S.1,Repo,OK,ReportingEntity,string,True,
Outflows,Secured,O.S,O.S.1,Repo,OK,Currency,enum,True,Currency
Outflows,Secured,O.S,O.S.1,Repo,OK,Converted,enum,True,YesNo
Outflows,Secured,O.S,O.S.1,Repo,OK,Product,string,True,
Outflows,Secured,O.S,O.S.1,Repo,OK,SubProduct,string,False,
Outflows,Secured,O.S,O.S.1,Repo,OK,MaturityAmount,money,False,
Outflows,Secured,O.S,O.S.1,Repo,OK,MaturityBucket,enum,False,MaturityBucket
Outflows,Secured,O.S,O.S.1,Repo,OK,MaturityOptionality,enum,False,MaturityOptionality
Outflows,Secured,O.S,O.S.1,Repo,OK,ForwardStartAmount,money,False,
Outflows,Secured,O.S,O.S.1,Repo,OK,ForwardStartBucket,enum,False,MaturityBucket
Outflows,Secured,O.S,O.S.1,Repo,OK,CollateralClass,enum,False,CollateralClass
Outflows,Secured,O.S,O.S.1,Repo,OK,CollateralValue,money,False,
Outflows,Secured,O.S,O.S.1,Repo,OK,TreasuryControl,enum,False,YesNo
Outflows,Secured,O.S,O.S.1,Repo,OK,Internal,enum,False,YesNo
Outflows,Secured,O.S,O.S.1,Repo,OK,InternalCounterparty,string,False,
Outflows,Secured,O.S,O.S.1,Repo,OK,BusinessLine,string,False,
Outflows,Secured,O.S,O.S.1,Repo,OK,Settlement,enum,False,YesNo
Outflows,Secured,O.S,O.S.1,Repo,OK,Counterparty,enum,False,Counterparty
Outflows,Secured,O.S,O.S.1,Repo,OK,GSIB,enum,False,YesNo
Outflows,Secured,O.S,O.S.2,Securities Lending,OK,ReportingEntity,string,True,
Outflows,Secured,O.S,O.S.2,Securities Lending,OK,Currency,enum,True,Currency
Outflows,Secured,O.S,O.S.2,Securities Lending,OK,Converted,enum,True,YesNo
Outflows,Secured,O.S,O.S.2,Securities Lending,OK,Product,string,True,
Outflows,Secured,O.S,O.S.2,Securities Lending,OK,SubProduct,string,False,
Outflows,Secured,O.S,O.S.2,Securities Lending,OK,MaturityAmount,money,False,
Outflows,Secured,O.S,O.S.2,Securities Lending,OK,MaturityBucket,enum,False,MaturityBucket
Outflows,Secured,O.S,O.S.2,Securities Lending,OK,MaturityOptionality,enum,False,MaturityOptionality
Outflows,Secured,O.S,O.S.2,Securities Lending,OK,ForwardStartAmount,money,False,
Outflows,Secured,O.S,O.S.2,Securities Lending,OK,ForwardStartBucket,enum,False,MaturityBucket
Outflows,Secured,O.S,O.S.2,Securities Lending,OK,CollateralClass,enum,False,CollateralClass
Outflows,Secured,O.S,O.S.2,Securities Lending,OK,CollateralValue,money,False,
Outflows,Secured,O.S,O.S.2,Securities Lending,OK,TreasuryControl,enum,False,YesNo
Outflows,Secured,O.S,O.S.2,Securities Lending,OK,Internal,enum,False,YesNo
Outflows,Secured,O.S,O.S.2,Securities Lending,OK,InternalCounterparty,string,False,
Outflows,Secured,O.S,O.S.2,Securities Lending,OK,BusinessLine,string,False,
Outflows,Secured,O.S,O.S.2,Securities Lending,OK,Settlement,enum,False,YesNo
Outflows,Secured,O.S,O.S.2,Securities Lending,OK,Counterparty,enum,False,Counterparty
Outflows,Secured,O.S,O.S.2,Securities Lending,OK,GSIB,enum,False,YesNo
Outflows,Secured,O.S,O.S.3,Dollar Rolls,OK,ReportingEntity,string,True,
Outflows,Secured,O.S,O.S.3,Dollar Rolls,OK,Currency,enum,True,Currency
Outflows,Secured,O.S,O.S.3,Dollar Rolls,OK,Converted,enum,True,YesNo
Outflows,Secured,O.S,O.S.3,Dollar Rolls,OK,Product,string,True,
Outflows,Secured,O.S,O.S.3,Dollar Rolls,OK,SubProduct,string,False,
Outflows,Secured,O.S,O.S.3,Dollar Rolls,OK,MaturityAmount,money,False,
Outflows,Secured,O.S,O.S.3,Dollar Rolls,OK,MaturityBucket,enum,False,MaturityBucket
Outflows,Secured,O.S,O.S.3,Dollar Rolls,OK,MaturityOptionality,enum,False,MaturityOptionality
Outflows,Secured,O.S,O.S.3,Dollar Rolls,OK,ForwardStartAmount,money,False,
Outflows,Secured,O.S,O.S.3,Dollar Rolls,OK,ForwardStartBucket,enum,False,MaturityBucket
Outflows,Secured,O.S,O.S.3,Dollar Rolls,OK,CollateralClass,enum,False,CollateralClass
Outflows,Secured,O.S,O.S.3,Dollar Rolls,OK,CollateralValue,money,False,
Outflows,Secured,O.S,O.S.3,Dollar Rolls,OK,TreasuryControl,enum,False,YesNo
Outflows,Secured,O.S,O.S.3,Dollar Rolls,OK,Internal,enum,False,YesNo
Outflows,Secured,O.S,O.S.3,Dollar Rolls,OK,InternalCounterparty,string,False,
Outflows,Secured,O.S,O.S.3,Dollar Rolls,OK,BusinessLine,string,False,
Outflows,Secured,O.S,O.S.3,Dollar Rolls,OK,Settlement,enum,False,YesNo
Outflows,Secured,O.S,O.S.3,Dollar Rolls,OK,Counterparty,enum,False,Counterparty
Outflows,Secured,O.S,O.S.3,Dollar Rolls,OK,GSIB,enum,False,YesNo
Outflows,Secured,O.S,O.S.4,Collateral Swaps,OK,ReportingEntity,string,True,
Outflows,Secured,O.S,O.S.4,Collateral Swaps,OK,Currency,enum,True,Currency
Outflows,Secured,O.S,O.S.4,Collateral Swaps,OK,Converted,enum,True,YesNo
Outflows,Secured,O.S,O.S.4,Collateral Swaps,OK,Product,string,True,
Outflows,Secured,O.S,O.S.4,Collateral Swaps,OK,SubProduct,string,False,
Outflows,Secured,O.S,O.S.4,Collateral Swaps,OK,MaturityAmount,money,False,
Outflows,Secured,O.S,O.S.4,Collateral Swaps,OK,MaturityBucket,enum,False,MaturityBucket
Outflows,Secured,O.S,O.S.4,Collateral Swaps,OK,MaturityOptionality,enum,False,MaturityOptionality
Outflows,Secured,O.S,O.S.4,Collateral Swaps,OK,ForwardStartAmount,money,False,
Outflows,Secured,O.S,O.S.4,Collateral Swaps,OK,ForwardStartBucket,enum,False,MaturityBucket
Outflows,Secured,O.S,O.S.4,Collateral Swaps,OK,CollateralClass,enum,False,CollateralClass
Outflows,Secured,O.S,O.S.4,Collateral Swaps,OK,CollateralValue,money,False,
Outflows,Secured,O.S,O.S.4,Collateral Swaps,OK,TreasuryControl,enum,False,YesNo
Outflows,Secured,O.S,O.S.4,Collateral Swaps,OK,Internal,enum,False,YesNo
Outflows,Secured,O.S,O.S.4,Collateral Swaps,OK,InternalCounterparty,string,False,
Outflows,Secured,O.S,O.S.4,Collateral Swaps,OK,BusinessLine,string,False,
Outflows,Secured,O.S,O.S.4,Collateral Swaps,OK,Settlement,enum,False,YesNo
Outflows,Secured,O.S,O.S.4,Collateral Swaps,OK,Counterparty,enum,False,Counterparty
Outflows,Secured,O.S,O.S.4,Collateral Swaps,OK,GSIB,enum,False,YesNo
Outflows,Secured,O.S,O.S.5,FHLB Advances,OK,ReportingEntity,string,True,
Outflows,Secured,O.S,O.S.5,FHLB Advances,OK,Currency,enum,True,Currency
Outflows,Secured,O.S,O.S.5,FHLB Advances,OK,Converted,enum,True,YesNo
Outflows,Secured,O.S,O.S.5,FHLB Advances,OK,Product,string,True,
Outflows,Secured,O.S,O.S.5,FHLB Advances,OK,SubProduct,string,False,
Outflows,Secured,O.S,O.S.5,FHLB Advances,OK,MaturityAmount,money,False,
Outflows,Secured,O.S,O.S.5,FHLB Advances,OK,MaturityBucket,enum,False,MaturityBucket
Outflows,Secured,O.S,O.S.5,FHLB Advances,OK,MaturityOptionality,enum,False,MaturityOptionality
Outflows,Secured,O.S,O.S.5,FHLB Advances,OK,ForwardStartAmount,money,False,
Outflows,Secured,O.S,O.S.5,FHLB Advances,OK,ForwardStartBucket,enum,False,MaturityBucket
Outflows,Secured,O.S,O.S.5,FHLB Advances,OK,CollateralClass,enum,False,CollateralClass
Outflows,Secured,O.S,O.S.5,FHLB Advances,OK,CollateralValue,money,False,
Outflows,Secured,O.S,O.S.5,FHLB Advances,OK,TreasuryControl,enum,False,YesNo
Outflows,Secured,O.S,O.S.5,FHLB Advances,OK,Internal,enum,False,YesNo
Outflows,Secured,O.S,O.S.5,FHLB Advances,OK,InternalCounterparty,string,False,
Outflows,Secured,O.S,O.S.5,FHLB Advances,OK,BusinessLine,string,False,
Outflows,Secured,O.S,O.S.5,FHLB Advances,OK,Settlement,enum,False,YesNo
Outflows,Secured,O.S,O.S.5,FHLB Advances,OK,Counterparty,enum,False,Counterparty
Outflows,Secured,O.S,O.S.5,FHLB Advances,OK,GSIB,enum,False,YesNo
Outflows,Secured,O.S,O.S.6,Exceptional Central Bank Operations,OK,ReportingEntity,string,True,
Outflows,Secured,O.S,O.S.6,Exceptional Central Bank Operations,OK,Currency,enum,True,Currency
Outflows,Secured,O.S,O.S.6,Exceptional Central Bank Operations,OK,Converted,enum,True,YesNo
Outflows,Secured,O.S,O.S.6,Exceptional Central Bank Operations,OK,Product,string,True,
Outflows,Secured,O.S,O.S.6,Exceptional Central Bank Operations,OK,SubProduct,string,False,
Outflows,Secured,O.S,O.S.6,Exceptional Central Bank Operations,OK,MaturityAmount,money,False,
Outflows,Secured,O.S,O.S.6,Exceptional Central Bank Operations,OK,MaturityBucket,enum,False,MaturityBucket
Outflows,Secured,O.S,O.S.6,Exceptional Central Bank Operations,OK,MaturityOptionality,enum,False,MaturityOptionality
Outflows,Secured,O.S,O.S.6,Exceptional Central Bank Operations,OK,ForwardStartAmount,money,False,
Outflows,Secured,O.S,O.S.6,Exceptional Central Bank Operations,OK,ForwardStartBucket,enum,False,MaturityBucket
Outflows,Secured,O.S,O.S.6,Exceptional Central Bank Operations,OK,CollateralClass,enum,False,CollateralClass
Outflows,Secured,O.S,O.S.6,Exceptional Central Bank Operations,OK,CollateralValue,money,False,
Outflows,Secured,O.S,O.S.6,Exceptional Central Bank Operations,OK,TreasuryControl,enum,False,YesNo
Outflows,Secured,O.S,O.S.6,Exceptional Central Bank Operations,OK,Internal,enum,False,YesNo
Outflows,Secured,O.S,O.S.6,Exceptional Central Bank Operations,OK,InternalCounterparty,string,False,
Outflows,Secured,O.S,O.S.6,Exceptional Central Bank Operations,OK,BusinessLine,string,False,
Outflows,Secured,O.S,O.S.6,Exceptional Central Bank Operations,OK,Settlement,enum,False,YesNo
Outflows,Secured,O.S,O.S.6,Exceptional Central Bank Operations,OK,Counterparty,enum,False,Counterparty
Outflows,Secured,O.S,O.S.6,Exceptional Central Bank Operations,OK,GSIB,enum,False,YesNo
Outflows,Secured,O.S,O.S.7,Customer Shorts,OK,ReportingEntity,string,True,
Outflows,Secured,O.S,O.S.7,Customer Shorts,OK,Currency,enum,True,Currency
Outflows,Secured,O.S,O.S.7,Customer Shorts,OK,Converted,enum,True,YesNo
Outflows,Secured,O.S,O.S.7,Customer Shorts,OK,Product,string,True,
Outflows,Secured,O.S,O.S.7,Customer Shorts,OK,SubProduct,string,False,
Outflows,Secured,O.S,O.S.7,Customer Shorts,OK,MaturityAmount,money,False,
Outflows,Secured,O.S,O.S.7,Customer Shorts,OK,MaturityBucket,enum,False,MaturityBucket
Outflows,Secured,O.S,O.S.7,Customer Shorts,OK,MaturityOptionality,enum,False,MaturityOptionality
Outflows,Secured,O.S,O.S.7,Customer Shorts,OK,ForwardStartAmount,money,False,
Outflows,Secured,O.S,O.S.7,Customer Shorts,OK,ForwardStartBucket,enum,False,MaturityBucket
Outflows,Secured,O.S,O.S.7,Customer Shorts,OK,CollateralClass,enum,False,CollateralClass
Outflows,Secured,O.S,O.S.7,Customer Shorts,OK,CollateralValue,money,False,
Outflows,Secured,O.S,O.S.7,Customer Shorts,OK,TreasuryControl,enum,False,YesNo
Outflows,Secured,O.S,O.S.7,Customer Shorts,OK,Internal,enum,False,YesNo
Outflows,Secured,O.S,O.S.7,Customer Shorts,OK,InternalCounterparty,string,False,
Outflows,Secured,O.S,O.S.7,Customer Shorts,OK,BusinessLine,string,False,
Outflows,Secured,O.S,O.S.7,Customer Shorts,OK,Settlement,enum,False,YesNo
Outflows,Secured,O.S,O.S.7,Customer Shorts,OK,Counterparty,enum,False,Counterparty
Outflows,Secured,O.S,O.S.7,Customer Shorts,OK,GSIB,enum,False,YesNo
Outflows,Secured,O.S,O.S.8,Firm Shorts,OK,ReportingEntity,string,True,
Outflows,Secured,O.S,O.S.8,Firm Shorts,OK,Currency,enum,True,Currency
Outflows,Secured,O.S,O.S.8,Firm Shorts,OK,Converted,enum,True,YesNo
Outflows,Secured,O.S,O.S.8,Firm Shorts,OK,Product,string,True,
Outflows,Secured,O.S,O.S.8,Firm Shorts,OK,SubProduct,string,False,
Outflows,Secured,O.S,O.S.8,Firm Shorts,OK,MaturityAmount,money,False,
Outflows,Secured,O.S,O.S.8,Firm Shorts,OK,MaturityBucket,enum,False,MaturityBucket
Outflows,Secured,O.S,O.S.8,Firm Shorts,OK,MaturityOptionality,enum,False,MaturityOptionality
Outflows,Secured,O.S,O.S.8,Firm Shorts,OK,ForwardStartAmount,money,False,
Outflows,Secured,O.S,O.S.8,Firm Shorts,OK,ForwardStartBucket,enum,False,MaturityBucket
Outflows,Secured,O.S,O.S.8,Firm Shorts,OK,CollateralClass,enum,False,CollateralClass
Outflows,Secured,O.S,O.S.8,Firm Shorts,OK,CollateralValue,money,False,
Outflows,Secured,O.S,O.S.8,Firm Shorts,OK,TreasuryControl,enum,False,YesNo
Outflows,Secured,O.S,O.S.8,Firm Shorts,OK,Internal,enum,False,YesNo
Outflows,Secured,O.S,O.S.8,Firm Shorts,OK,InternalCounterparty,string,False,
Outflows,Secured,O.S,O.S.8,Firm Shorts,OK,BusinessLine,string,False,
Outflows,Secured,O.S,O.S.8,Firm Shorts,OK,Settlement,enum,False,YesNo
Outflows,Secured,O.S,O.S.8,Firm Shorts,OK,Counterparty,enum,False,Counterparty
Outflows,Secured,O.S,O.S.8,Firm Shorts,OK,GSIB,enum,False,YesNo
Outflows,Secured,O.S,O.S.9,Synthetic Customer Shorts,OK,ReportingEntity,string,True,
Outflows,Secured,O.S,O.S.9,Synthetic Customer Shorts,OK,Currency,enum,True,Currency
Outflows,Secured,O.S,O.S.9,Synthetic Customer Shorts,OK,Converted,enum,True,YesNo
Outflows,Secured,O.S,O.S.9,Synthetic Customer Shorts,OK,Product,string,True,
Outflows,Secured,O.S,O.S.9,Synthetic Customer Shorts,OK,SubProduct,string,False,
Outflows,Secured,O.S,O.S.9,Synthetic Customer Shorts,OK,MaturityAmount,money,False,
Outflows,Secured,O.S,O.S.9,Synthetic Customer Shorts,OK,MaturityBucket,enum,False,MaturityBucket
Outflows,Secured,O.S,O.S.9,Synthetic Customer Shorts,OK,MaturityOptionality,enum,False,MaturityOptionality
Outflows,Secured,O.S,O.S.9,Synthetic Customer Shorts,OK,ForwardStartAmount,money,False,
Outflows,Secured,O.S,O.S.9,Synthetic Customer Shorts,OK,ForwardStartBucket,enum,False,MaturityBucket
Outflows,Secured,O.S,O.S.9,Synthetic Customer Shorts,OK,CollateralClass,enum,False,CollateralClass
Outflows,Secured,O.S,O.S.9,Synthetic Customer Shorts,OK,CollateralValue,money,False,
Outflows,Secured,O.S,O.S.9,Synthetic Customer Shorts,OK,TreasuryControl,enum,False,YesNo
Outflows,Secured,O.S,O.S.9,Synthetic Customer Shorts,OK,Internal,enum,False,YesNo
Outflows,Secured,O.S,O.S.9,Synthetic Customer Shorts,OK,InternalCounterparty,string,False,
Outflows,Secured,O.S,O.S.9,Synthetic Customer Shorts,OK,BusinessLine,string,False,
Outflows,Secured,O.S,O.S.9,Synthetic Customer Shorts,OK,Settlement,enum,False,YesNo
Outflows,Secured,O.S,O.S.9,Synthetic Customer Shorts,OK,Counterparty,enum,False,Counterparty
Outflows,Secured,O.S,O.S.9,Synthetic Customer Shorts,OK,GSIB,enum,False,YesNo
Outflows,Secured,O.S,O.S.10,Synthetic Firm Financing,OK,ReportingEntity,string,True,
Outflows,Secured,O.S,O.S.10,Synthetic Firm Financing,OK,Currency,enum,True,Currency
Outflows,Secured,O.S,O.S.10,Synthetic Firm Financing,OK,Converted,enum,True,YesNo
Outflows,Secured,O.S,O.S.10,Synthetic Firm Financing,OK,Product,string,True,
Outflows,Secured,O.S,O.S.10,Synthetic Firm Financing,OK,SubProduct,string,False,
Outflows,Secured,O.S,O.S.10,Synthetic Firm Financing,OK,MaturityAmount,money,False,
Outflows,Secured,O.S,O.S.10,Synthetic Firm Financing,OK,MaturityBucket,enum,False,MaturityBucket
Outflows,Secured,O.S,O.S.10,Synthetic Firm Financing,OK,MaturityOptionality,enum,False,MaturityOptionality
Outflows,Secured,O.S,O.S.10,Synthetic Firm Financing,OK,ForwardStartAmount,money,False,
Outflows,Secured,O.S,O.S.10,Synthetic Firm Financing,OK,ForwardStartBucket,enum,False,MaturityBucket
Outflows,Secured,O.S,O.S.10,Synthetic Firm Financing,OK,CollateralClass,enum,False,CollateralClass
Outflows,Secured,O.S,O.S.10,Synthetic Firm Financing,OK,CollateralValue,money,False,
Outflows,Secured,O.S,O.S.10,Synthetic Firm Financing,OK,TreasuryControl,enum,False,YesNo
Outflows,Secured,O.S,O.S.10,Synthetic Firm Financing,OK,Internal,enum,False,YesNo
Outflows,Secured,O.S,O.S.10,Synthetic Firm Financing,OK,InternalCounterparty,string,False,
Outflows,Secured,O.S,O.S.10,Synthetic Firm Financing,OK,BusinessLine,string,False,
Outflows,Secured,O.S,O.S.10,Synthetic Firm Financing,OK,Settlement,enum,False,YesNo
Outflows,Secured,O.S,O.S.10,Synthetic Firm Financing,OK,Counterparty,enum,False,Counterparty
Outflows,Secured,O.S,O.S.10,Synthetic Firm Financing,OK,GSIB,enum,False,YesNo
Outflows,Secured,O.S,O.S.11,Other Secured Financing Transactions,OK,ReportingEntity,string,True,
Outflows,Secured,O.S,O.S.11,Other Secured Financing Transactions,OK,Currency,enum,True,Currency
Outflows,Secured,O.S,O.S.11,Other Secured Financing Transactions,OK,Converted,enum,True,YesNo
Outflows,Secured,O.S,O.S.11,Other Secured Financing Transactions,OK,Product,string,True,
Outflows,Secured,O.S,O.S.11,Other Secured Financing Transactions,OK,SubProduct,string,False,
Outflows,Secured,O.S,O.S.11,Other Secured Financing Transactions,OK,MaturityAmount,money,False,
Outflows,Secured,O.S,O.S.11,Other Secured Financing Transactions,OK,MaturityBucket,enum,False,MaturityBucket
Outflows,Secured,O.S,O.S.11,Other Secured Financing Transactions,OK,MaturityOptionality,enum,False,MaturityOptionality
Outflows,Secured,O.S,O.S.11,Other Secured Financing Transactions,OK,ForwardStartAmount,money,False,
Outflows,Secured,O.S,O.S.11,Other Secured Financing Transactions,OK,ForwardStartBucket,enum,False,MaturityBucket
Outflows,Secured,O.S,O.S.11,Other Secured Financing Transactions,OK,CollateralClass,enum,False,CollateralClass
Outflows,Secured,O.S,O.S.11,Other Secured Financing Transactions,OK,CollateralValue,money,False,
Outflows,Secured,O.S,O.S.11,Other Secured Financing Transactions,OK,TreasuryControl,enum,False,YesNo
Outflows,Secured,O.S,O.S.11,Other Secured Financing Transactions,OK,Internal,enum,False,YesNo
Outflows,Secured,O.S,O.S.11,Other Secured Financing Transactions,OK,InternalCounterparty,string,False,
Outflows,Secured,O.S,O.S.11,Other Secured Financing Transactions,OK,BusinessLine,string,False,
Outflows,Secured,O.S,O.S.11,Other Secured Financing Transactions,OK,Settlement,enum,False,YesNo
Outflows,Secured,O.S,O.S.11,Other Secured Financing Transactions,OK,Counterparty,enum,False,Counterparty
Outflows,Secured,O.S,O.S.11,Other Secured Financing Transactions,OK,GSIB,enum,False,YesNo
Outflows,Deposits,O.D,O.D.1,Transactional Accounts,OK,ReportingEntity,string,True,
Outflows,Deposits,O.D,O.D.1,Transactional Accounts,OK,Currency,enum,True,Currency
Outflows,Deposits,O.D,O.D.1,Transactional Accounts,OK,Converted,enum,True,YesNo
Outflows,Deposits,O.D,O.D.1,Transactional Accounts,OK,Product,string,True,
Outflows,Deposits,O.D,O.D.1,Transactional Accounts,OK,Counterparty,enum,False,Counterparty
Outflows,Deposits,O.D,O.D.1,Transactional Accounts,OK,GSIB,enum,False,YesNo
Outflows,Deposits,O.D,O.D.1,Transactional Accounts,OK,MaturityAmount,money,False,
Outflows,Deposits,O.D,O.D.1,Transactional Accounts,OK,MaturityBucket,enum,False,MaturityBucket
Outflows,Deposits,O.D,O.D.1,Transactional Accounts,OK,MaturityOptionality,enum,False,MaturityOptionality
Outflows,Deposits,O.D,O.D.1,Transactional Accounts,OK,CollateralClass,enum,False,CollateralClass
Outflows,Deposits,O.D,O.D.1,Transactional Accounts,OK,CollateralValue,money,False,
Outflows,Deposits,O.D,O.D.1,Transactional Accounts,OK,Insured,enum,False,YesNo
Outflows,Deposits,O.D,O.D.1,Transactional Accounts,OK,Trigger,enum,False,Trigger
Outflows,Deposits,O.D,O.D.1,Transactional Accounts,OK,Rehypothecated,enum,False,YesNo
Outflows,Deposits,O.D,O.D.1,Transactional Accounts,OK,BusinessLine,string,False,
Outflows,Deposits,O.D,O.D.1,Transactional Accounts,OK,Internal,enum,False,YesNo
Outflows,Deposits,O.D,O.D.1,Transactional Accounts,OK,InternalCounterparty,string,False,
Outflows,Deposits,O.D,O.D.2,Non-Transactional Relationship Accounts,OK,ReportingEntity,string,True,
Outflows,Deposits,O.D,O.D.2,Non-Transactional Relationship Accounts,OK,Currency,enum,True,Currency
Outflows,Deposits,O.D,O.D.2,Non-Transactional Relationship Accounts,OK,Converted,enum,True,YesNo
Outflows,Deposits,O.D,O.D.2,Non-Transactional Relationship Accounts,OK,Product,string,True,
Outflows,Deposits,O.D,O.D.2,Non-Transactional Relationship Accounts,OK,Counterparty,enum,False,Counterparty
Outflows,Deposits,O.D,O.D.2,Non-Transactional Relationship Accounts,OK,GSIB,enum,False,YesNo
Outflows,Deposits,O.D,O.D.2,Non-Transactional Relationship Accounts,OK,MaturityAmount,money,False,
Outflows,Deposits,O.D,O.D.2,Non-Transactional Relationship Accounts,OK,MaturityBucket,enum,False,MaturityBucket
Outflows,Deposits,O.D,O.D.2,Non-Transactional Relationship Accounts,OK,MaturityOptionality,enum,False,MaturityOptionality
Outflows,Deposits,O.D,O.D.2,Non-Transactional Relationship Accounts,OK,CollateralClass,enum,False,CollateralClass
Outflows,Deposits,O.D,O.D.2,Non-Transactional Relationship Accounts,OK,CollateralValue,money,False,
Outflows,Deposits,O.D,O.D.2,Non-Transactional Relationship Accounts,OK,Insured,enum,False,YesNo
Outflows,Deposits,O.D,O.D.2,Non-Transactional Relationship Accounts,OK,Trigger,enum,False,Trigger
Outflows,Deposits,O.D,O.D.2,Non-Transactional Relationship Accounts,OK,Rehypothecated,enum,False,YesNo
Outflows,Deposits,O.D,O.D.2,Non-Transactional Relationship Accounts,OK,BusinessLine,string,False,
Outflows,Deposits,O.D,O.D.2,Non-Transactional Relationship Accounts,OK,Internal,enum,False,YesNo
Outflows,Deposits,O.D,O.D.2,Non-Transactional Relationship Accounts,OK,InternalCounterparty,string,False,
Outflows,Deposits,O.D,O.D.3,Non-Transactional Non-Relationship Accounts,OK,ReportingEntity,string,True,
Outflows,Deposits,O.D,O.D.3,Non-Transactional Non-Relationship Accounts,OK,Currency,enum,True,Currency
Outflows,Deposits,O.D,O.D.3,Non-Transactional Non-Relationship Accounts,OK,Converted,enum,True,YesNo
Outflows,Deposits,O.D,O.D.3,Non-Transactional Non-Relationship Accounts,OK,Product,string,True,
Outflows,Deposits,O.D,O.D.3,Non-Transactional Non-Relationship Accounts,OK,Counterparty,enum,False,Counterparty
Outflows,Deposits,O.D,O.D.3,Non-Transactional Non-Relationship Accounts,OK,GSIB,enum,False,YesNo
Outflows,Deposits,O.D,O.D.3,Non-Transactional Non-Relationship Accounts,OK,MaturityAmount,money,False,
Outflows,Deposits,O.D,O.D.3,Non-Transactional Non-Relationship Accounts,OK,MaturityBucket,enum,False,MaturityBucket
Outflows,Deposits,O.D,O.D.3,Non-Transactional Non-Relationship Accounts,OK,MaturityOptionality,enum,False,MaturityOptionality
Outflows,Deposits,O.D,O.D.3,Non-Transactional Non-Relationship Accounts,OK,CollateralClass,enum,False,CollateralClass
Outflows,Deposits,O.D,O.D.3,Non-Transactional Non-Relationship Accounts,OK,CollateralValue,money,False,
Outflows,Deposits,O.D,O.D.3,Non-Transactional Non-Relationship Accounts,OK,Insured,enum,False,YesNo
Outflows,Deposits,O.D,O.D.3,Non-Transactional Non-Relationship Accounts,OK,Trigger,enum,False,Trigger
Outflows,Deposits,O.D,O.D.3,Non-Transactional Non-Relationship Accounts,OK,Rehypothecated,enum,False,YesNo
Outflows,Deposits,O.D,O.D.3,Non-Transactional Non-Relationship Accounts,OK,BusinessLine,string,False,
Outflows,Deposits,O.D,O.D.3,Non-Transactional Non-Relationship Accounts,OK,Internal,enum,False,YesNo
Outflows,Deposits,O.D,O.D.3,Non-Transactional Non-Relationship Accounts,OK,InternalCounterparty,string,False,
Outflows,Deposits,O.D,O.D.4,Operational Account Balances,OK,ReportingEntity,string,True,
Outflows,Deposits,O.D,O.D.4,Operational Account Balances,OK,Currency,enum,True,Currency
Outflows,Deposits,O.D,O.D.4,Operational Account Balances,OK,Converted,enum,True,YesNo
Outflows,Deposits,O.D,O.D.4,Operational Account Balances,OK,Product,string,True,
Outflows,Deposits,O.D,O.D.4,Operational Account Balances,OK,Counterparty,enum,False,Counterparty
Outflows,Deposits,O.D,O.D.4,Operational Account Balances,OK,GSIB,enum,False,YesNo
Outflows,Deposits,O.D,O.D.4,Operational Account Balances,OK,MaturityAmount,money,False,
Outflows,Deposits,O.D,O.D.4,Operational Account Balances,OK,MaturityBucket,enum,False,MaturityBucket
Outflows,Deposits,O.D,O.D.4,Operational Account Balances,OK,MaturityOptionality,enum,False,MaturityOptionality
Outflows,Deposits,O.D,O.D.4,Operational Account Balances,OK,CollateralClass,enum,False,CollateralClass
Outflows,Deposits,O.D,O.D.4,Operational Account Balances,OK,CollateralValue,money,False,
Outflows,Deposits,O.D,O.D.4,Operational Account Balances,OK,Insured,enum,False,YesNo
Outflows,Deposits,O.D,O.D.4,Operational Account Balances,OK,Trigger,enum,False,Trigger
Outflows,Deposits,O.D,O.D.4,Operational Account Balances,OK,Rehypothecated,enum,False,YesNo
Outflows,Deposits,O.D,O.D.4,Operational Account Balances,OK,BusinessLine,string,False,
Outflows,Deposits,O.D,O.D.4,Operational Account Balances,OK,Internal,enum,False,YesNo
Outflows,Deposits,O.D,O.D.4,Operational Account Balances,OK,InternalCounterparty,string,False,
Outflows,Deposits,O.D,O.D.5,Excess Balances in Operational Accounts,OK,ReportingEntity,string,True,
Outflows,Deposits,O.D,O.D.5,Excess Balances in Operational Accounts,OK,Currency,enum,True,Currency
Outflows,Deposits,O.D,O.D.5,Excess Balances in Operational Accounts,OK,Converted,enum,True,YesNo
Outflows,Deposits,O.D,O.D.5,Excess Balances in Operational Accounts,OK,Product,string,True,
Outflows,Deposits,O.D,O.D.5,Excess Balances in Operational Accounts,OK,Counterparty,enum,False,Counterparty
Outflows,Deposits,O.D,O.D.5,Excess Balances in Operational Accounts,OK,GSIB,enum,False,YesNo
Outflows,Deposits,O.D,O.D.5,Excess Balances in Operational Accounts,OK,MaturityAmount,money,False,
Outflows,Deposits,O.D,O.D.5,Excess Balances in Operational Accounts,OK,MaturityBucket,enum,False,MaturityBucket
Outflows,Deposits,O.D,O.D.5,Excess Balances in Operational Accounts,OK,MaturityOptionality,enum,False,MaturityOptionality
Outflows,Deposits,O.D,O.D.5,Excess Balances in Operational Accounts,OK,CollateralClass,enum,False,CollateralClass
Outflows,Deposits,O.D,O.D.5,Excess Balances in Operational Accounts,OK,CollateralValue,money,False,
Outflows,Deposits,O.D,O.D.5,Excess Balances in Operational Accounts,OK,Insured,enum,False,YesNo
Outflows,Deposits,O.D,O.D.5,Excess Balances in Operational Accounts,OK,Trigger,enum,False,Trigger
Outflows,Deposits,O.D,O.D.5,Excess Balances in Operational Accounts,OK,Rehypothecated,enum,False,YesNo
Outflows,Deposits,O.D,O.D.5,Excess Balances in Operational Accounts,OK,BusinessLine,string,False,
Outflows,Deposits,O.D,O.D.5,Excess Balances in Operational Accounts,OK,Internal,enum,False,YesNo
Outflows,Deposits,O.D,O.D.5,Excess Balances in Operational Accounts,OK,InternalCounterparty,string,False,
Outflows,Deposits,O.D,O.D.6,Non-Operational Account Balances,OK,ReportingEntity,string,True,
Outflows,Deposits,O.D,O.D.6,Non-Operational Account Balances,OK,Currency,enum,True,Currency
Outflows,Deposits,O.D,O.D.6,Non-Operational Account Balances,OK,Converted,enum,True,YesNo
Outflows,Deposits,O.D,O.D.6,Non-Operational Account Balances,OK,Product,string,True,
Outflows,Deposits,O.D,O.D.6,Non-Operational Account Balances,OK,Counterparty,enum,False,Counterparty
Outflows,Deposits,O.D,O.D.6,Non-Operational Account Balances,OK,GSIB,enum,False,YesNo
Outflows,Deposits,O.D,O.D.6,Non-Operational Account Balances,OK,MaturityAmount,money,False,
Outflows,Deposits,O.D,O.D.6,Non-Operational Account Balances,OK,MaturityBucket,enum,False,MaturityBucket
Outflows,Deposits,O.D,O.D.6,Non-Operational Account Balances,OK,MaturityOptionality,enum,False,MaturityOptionality
Outflows,Deposits,O.D,O.D.6,Non-Operational Account Balances,OK,CollateralClass,enum,False,CollateralClass
Outflows,Deposits,O.D,O.D.6,Non-Operational Account Balances,OK,CollateralValue,money,False,
Outflows,Deposits,O.D,O.D.6,Non-Operational Account Balances,OK,Insured,enum,False,YesNo
Outflows,Deposits,O.D,O.D.6,Non-Operational Account Balances,OK,Trigger,enum,False,Trigger
Outflows,Deposits,O.D,O.D.6,Non-Operational Account Balances,OK,Rehypothecated,enum,False,YesNo
Outflows,Deposits,O.D,O.D.6,Non-Operational Account Balances,OK,BusinessLine,string,False,
Outflows,Deposits,O.D,O.D.6,Non-Operational Account Balances,OK,Internal,enum,False,YesNo
Outflows,Deposits,O.D,O.D.6,Non-Operational Account Balances,OK,InternalCounterparty,string,False,
Outflows,Deposits,O.D,O.D.7,Operational Escrow Accounts,OK,ReportingEntity,string,True,
Outflows,Deposits,O.D,O.D.7,Operational Escrow Accounts,OK,Currency,enum,True,Currency
Outflows,Deposits,O.D,O.D.7,Operational Escrow Accounts,OK,Converted,enum,True,YesNo
Outflows,Deposits,O.D,O.D.7,Operational Escrow Accounts,OK,Product,string,True,
Outflows,Deposits,O.D,O.D.7,Operational Escrow Accounts,OK,Counterparty,enum,False,Counterparty
Outflows,Deposits,O.D,O.D.7,Operational Escrow Accounts,OK,GSIB,enum,False,YesNo
Outflows,Deposits,O.D,O.D.7,Operational Escrow Accounts,OK,MaturityAmount,money,False,
Outflows,Deposits,O.D,O.D.7,Operational Escrow Accounts,OK,MaturityBucket,enum,False,MaturityBucket
Outflows,Deposits,O.D,O.D.7,Operational Escrow Accounts,OK,MaturityOptionality,enum,False,MaturityOptionality
Outflows,Deposits,O.D,O.D.7,Operational Escrow Accounts,OK,CollateralClass,enum,False,CollateralClass
Outflows,Deposits,O.D,O.D.7,Operational Escrow Accounts,OK,CollateralValue,money,False,
Outflows,Deposits,O.D,O.D.7,Operational Escrow Accounts,OK,Insured,enum,False,YesNo
Outflows,Deposits,O.D,O.D.7,Operational Escrow Accounts,OK,Trigger,enum,False,Trigger
Outflows,Deposits,O.D,O.D.7,Operational Escrow Accounts,OK,Rehypothecated,enum,False,YesNo
Outflows,Deposits,O.D,O.D.7,Operational Escrow Accounts,OK,BusinessLine,string,False,
Outflows,Deposits,O.D,O.D.7,Operational Escrow Accounts,OK,Internal,enum,False,YesNo
Outflows,Deposits,O.D,O.D.7,Operational Escrow Accounts,OK,InternalCounterparty,string,False,
Outflows,Deposits,O.D,O.D.8,Non-Reciprocal Brokered Accounts,OK,ReportingEntity,string,True,
Outflows,Deposits,O.D,O.D.8,Non-Reciprocal Brokered Accounts,OK,Currency,enum,True,Currency
Outflows,Deposits,O.D,O.D.8,Non-Reciprocal Brokered Accounts,OK,Converted,enum,True,YesNo
Outflows,Deposits,O.D,O.D.8,Non-Reciprocal Brokered Accounts,OK,Product,string,True,
Outflows,Deposits,O.D,O.D.8,Non-Reciprocal Brokered Accounts,OK,Counterparty,enum,False,Counterparty
Outflows,Deposits,O.D,O.D.8,Non-Reciprocal Brokered Accounts,OK,GSIB,enum,False,YesNo
Outflows,Deposits,O.D,O.D.8,Non-Reciprocal Brokered Accounts,OK,MaturityAmount,money,False,
Outflows,Deposits,O.D,O.D.8,Non-Reciprocal Brokered Accounts,OK,MaturityBucket,enum,False,MaturityBucket
Outflows,Deposits,O.D,O.D.8,Non-Reciprocal Brokered Accounts,OK,MaturityOptionality,enum,False,MaturityOptionality
Outflows,Deposits,O.D,O.D.8,Non-Reciprocal Brokered Accounts,OK,CollateralClass,enum,False,CollateralClass
Outflows,Deposits,O.D,O.D.8,Non-Reciprocal Brokered Accounts,OK,CollateralValue,money,False,
Outflows,Deposits,O.D,O.D.8,Non-Reciprocal Brokered Accounts,OK,Insured,enum,False,YesNo
Outflows,Deposits,O.D,O.D.8,Non-Reciprocal Brokered Accounts,OK,Trigger,enum,False,Trigger
Outflows,Deposits,O.D,O.D.8,Non-Reciprocal Brokered Accounts,OK,Rehypothecated,enum,False,YesNo
Outflows,Deposits,O.D,O.D.8,Non-Reciprocal Brokered Accounts,OK,BusinessLine,string,False,
Outflows,Deposits,O.D,O.D.8,Non-Reciprocal Brokered Accounts,OK,Internal,enum,False,YesNo
Outflows,Deposits,O.D,O.D.8,Non-Reciprocal Brokered Accounts,OK,InternalCounterparty,string,False,
Outflows,Deposits,O.D,O.D.9,Stable Affiliated Sweep Account Balances,OK,ReportingEntity,string,True,
Outflows,Deposits,O.D,O.D.9,Stable Affiliated Sweep Account Balances,OK,Currency,enum,True,Currency
Outflows,Deposits,O.D,O.D.9,Stable Affiliated Sweep Account Balances,OK,Converted,enum,True,YesNo
Outflows,Deposits,O.D,O.D.9,Stable Affiliated Sweep Account Balances,OK,Product,string,True,
Outflows,Deposits,O.D,O.D.9,Stable Affiliated Sweep Account Balances,OK,Counterparty,enum,False,Counterparty
Outflows,Deposits,O.D,O.D.9,Stable Affiliated Sweep Account Balances,OK,GSIB,enum,False,YesNo
Outflows,Deposits,O.D,O.D.9,Stable Affiliated Sweep Account Balances,OK,MaturityAmount,money,False,
Outflows,Deposits,O.D,O.D.9,Stable Affiliated Sweep Account Balances,OK,MaturityBucket,enum,False,MaturityBucket
Outflows,Deposits,O.D,O.D.9,Stable Affiliated Sweep Account Balances,OK,MaturityOptionality,enum,False,MaturityOptionality
Outflows,Deposits,O.D,O.D.9,Stable Affiliated Sweep Account Balances,OK,CollateralClass,enum,False,CollateralClass
Outflows,Deposits,O.D,O.D.9,Stable Affiliated Sweep Account Balances,OK,CollateralValue,money,False,
Outflows,Deposits,O.D,O.D.9,Stable Affiliated Sweep Account Balances,OK,Insured,enum,False,YesNo
Outflows,Deposits,O.D,O.D.9,Stable Affiliated Sweep Account Balances,OK,Trigger,enum,False,Trigger
Outflows,Deposits,O.D,O.D.9,Stable Affiliated Sweep Account Balances,OK,Rehypothecated,enum,False,YesNo
Outflows,Deposits,O.D,O.D.9,Stable Affiliated Sweep Account Balances,OK,BusinessLine,string,False,
Outflows,Deposits,O.D,O.D.9,Stable Affiliated Sweep Account Balances,OK,Internal,enum,False,YesNo
Outflows,Deposits,O.D,O.D.9,Stable Affiliated Sweep Account Balances,OK,InternalCounterparty,string,False,
Outflows,Deposits,O.D,O.D.10,Less Stable Affiliated Sweep Account Balances,OK,ReportingEntity,string,True,
Outflows,Deposits,O.D,O.D.10,Less Stable Affiliated Sweep Account Balances,OK,Currency,enum,True,Currency
Outflows,Deposits,O.D,O.D.10,Less Stable Affiliated Sweep Account Balances,OK,Converted,enum,True,YesNo
Outflows,Deposits,O.D,O.D.10,Less Stable Affiliated Sweep Account Balances,OK,Product,string,True,
Outflows,Deposits,O.D,O.D.10,Less Stable Affiliated Sweep Account Balances,OK,Counterparty,enum,False,Counterparty
Outflows,Deposits,O.D,O.D.10,Less Stable Affiliated Sweep Account Balances,OK,GSIB,enum,False,YesNo
Outflows,Deposits,O.D,O.D.10,Less Stable Affiliated Sweep Account Balances,OK,MaturityAmount,money,False,
Outflows,Deposits,O.D,O.D.10,Less Stable Affiliated Sweep Account Balances,OK,MaturityBucket,enum,False,MaturityBucket
Outflows,Deposits,O.D,O.D.10,Less Stable Affiliated Sweep Account Balances,OK,MaturityOptionality,enum,False,MaturityOptionality
Outflows,Deposits,O.D,O.D.10,Less Stable Affiliated Sweep Account Balances,OK,CollateralClass,enum,False,CollateralClass
Outflows,Deposits,O.D,O.D.10,Less Stable Affiliated Sweep Account Balances,OK,CollateralValue,money,False,
Outflows,Deposits,O.D,O.D.10,Less Stable Affiliated Sweep Account Balances,OK,Insured,enum,False,YesNo
Outflows,Deposits,O.D,O.D.10,Less Stable Affiliated Sweep Account Balances,OK,Trigger,enum,False,Trigger
Outflows,Deposits,O.D,O.D.10,Less Stable Affiliated Sweep Account Balances,OK,Rehypothecated,enum,False,YesNo
Outflows,Deposits,O.D,O.D.10,Less Stable Affiliated Sweep Account Balances,OK,BusinessLine,string,False,
Outflows,Deposits,O.D,O.D.10,Less Stable Affiliated Sweep Account Balances,OK,Internal,enum,False,YesNo
Outflows,Deposits,O.D,O.D.10,Less Stable Affiliated Sweep Account Balances,OK,InternalCounterparty,string,False,
Outflows,Deposits,O.D,O.D.11,Non-Affiliated Sweep Accounts,OK,ReportingEntity,string,True,
Outflows,Deposits,O.D,O.D.11,Non-Affiliated Sweep Accounts,OK,Currency,enum,True,Currency
Outflows,Deposits,O.D,O.D.11,Non-Affiliated Sweep Accounts,OK,Converted,enum,True,YesNo
Outflows,Deposits,O.D,O.D.11,Non-Affiliated Sweep Accounts,OK,Product,string,True,
Outflows,Deposits,O.D,O.D.11,Non-Affiliated Sweep Accounts,OK,Counterparty,enum,False,Counterparty
Outflows,Deposits,O.D,O.D.11,Non-Affiliated Sweep Accounts,OK,GSIB,enum,False,YesNo
Outflows,Deposits,O.D,O.D.11,Non-Affiliated Sweep Accounts,OK,MaturityAmount,money,False,
Outflows,Deposits,O.D,O.D.11,Non-Affiliated Sweep Accounts,OK,MaturityBucket,enum,False,MaturityBucket
Outflows,Deposits,O.D,O.D.11,Non-Affiliated Sweep Accounts,OK,MaturityOptionality,enum,False,MaturityOptionality
Outflows,Deposits,O.D,O.D.11,Non-Affiliated Sweep Accounts,OK,CollateralClass,enum,False,CollateralClass
Outflows,Deposits,O.D,O.D.11,Non-Affiliated Sweep Accounts,OK,CollateralValue,money,False,
Outflows,Deposits,O.D,O.D.11,Non-Affiliated Sweep Accounts,OK,Insured,enum,False,YesNo
Outflows,Deposits,O.D,O.D.11,Non-Affiliated Sweep Accounts,OK,Trigger,enum,False,Trigger
Outflows,Deposits,O.D,O.D.11,Non-Affiliated Sweep Accounts,OK,Rehypothecated,enum,False,YesNo
Outflows,Deposits,O.D,O.D.11,Non-Affiliated Sweep Accounts,OK,BusinessLine,string,False,
Outflows,Deposits,O.D,O.D.11,Non-Affiliated Sweep Accounts,OK,Internal,enum,False,YesNo
Outflows,Deposits,O.D,O.D.11,Non-Affiliated Sweep Accounts,OK,InternalCounterparty,string,False,
Outflows,Deposits,O.D,O.D.12,Other Product Sweep Accounts,OK,ReportingEntity,string,True,
Outflows,Deposits,O.D,O.D.12,Other Product Sweep Accounts,OK,Currency,enum,True,Currency
Outflows,Deposits,O.D,O.D.12,Other Product Sweep Accounts,OK,Converted,enum,True,YesNo
Outflows,Deposits,O.D,O.D.12,Other Product Sweep Accounts,OK,Product,string,True,
Outflows,Deposits,O.D,O.D.12,Other Product Sweep Accounts,OK,Counterparty,enum,False,Counterparty
Outflows,Deposits,O.D,O.D.12,Other Product Sweep Accounts,OK,GSIB,enum,False,YesNo
Outflows,Deposits,O.D,O.D.12,Other Product Sweep Accounts,OK,MaturityAmount,money,False,
Outflows,Deposits,O.D,O.D.12,Other Product Sweep Accounts,OK,MaturityBucket,enum,False,MaturityBucket
Outflows,Deposits,O.D,O.D.12,Other Product Sweep Accounts,OK,MaturityOptionality,enum,False,MaturityOptionality
Outflows,Deposits,O.D,O.D.12,Other Product Sweep Accounts,OK,CollateralClass,enum,False,CollateralClass
Outflows,Deposits,O.D,O.D.12,Other Product Sweep Accounts,OK,CollateralValue,money,False,
Outflows,Deposits,O.D,O.D.12,Other Product Sweep Accounts,OK,Insured,enum,False,YesNo
Outflows,Deposits,O.D,O.D.12,Other Product Sweep Accounts,OK,Trigger,enum,False,Trigger
Outflows,Deposits,O.D,O.D.12,Other Product Sweep Accounts,OK,Rehypothecated,enum,False,YesNo
Outflows,Deposits,O.D,O.D.12,Other Product Sweep Accounts,OK,BusinessLine,string,False,
Outflows,Deposits,O.D,O.D.12,Other Product Sweep Accounts,OK,Internal,enum,False,YesNo
Outflows,Deposits,O.D,O.D.12,Other Product Sweep Accounts,OK,InternalCounterparty,string,False,
Outflows,Deposits,O.D,O.D.13,Reciprocal Accounts,OK,ReportingEntity,string,True,
Outflows,Deposits,O.D,O.D.13,Reciprocal Accounts,OK,Currency,enum,True,Currency
Outflows,Deposits,O.D,O.D.13,Reciprocal Accounts,OK,Converted,enum,True,YesNo
Outflows,Deposits,O.D,O.D.13,Reciprocal Accounts,OK,Product,string,True,
Outflows,Deposits,O.D,O.D.13,Reciprocal Accounts,OK,Counterparty,enum,False,Counterparty
Outflows,Deposits,O.D,O.D.13,Reciprocal Accounts,OK,GSIB,enum,False,YesNo
Outflows,Deposits,O.D,O.D.13,Reciprocal Accounts,OK,MaturityAmount,money,False,
Outflows,Deposits,O.D,O.D.13,Reciprocal Accounts,OK,MaturityBucket,enum,False,MaturityBucket
Outflows,Deposits,O.D,O.D.13,Reciprocal Accounts,OK,MaturityOptionality,enum,False,MaturityOptionality
Outflows,Deposits,O.D,O.D.13,Reciprocal Accounts,OK,CollateralClass,enum,False,CollateralClass
Outflows,Deposits,O.D,O.D.13,Reciprocal Accounts,OK,CollateralValue,money,False,
Outflows,Deposits,O.D,O.D.13,Reciprocal Accounts,OK,Insured,enum,False,YesNo
Outflows,Deposits,O.D,O.D.13,Reciprocal Accounts,OK,Trigger,enum,False,Trigger
Outflows,Deposits,O.D,O.D.13,Reciprocal Accounts,OK,Rehypothecated,enum,False,YesNo
Outflows,Deposits,O.D,O.D.13,Reciprocal Accounts,OK,BusinessLine,string,False,
Outflows,Deposits,O.D,O.D.13,Reciprocal Accounts,OK,Internal,enum,False,YesNo
Outflows,Deposits,O.D,O.D.13,Reciprocal Accounts,OK,InternalCounterparty,string,False,
Outflows,Deposits,O.D,O.D.14,Other Third-Party Deposits,OK,ReportingEntity,string,True,
Outflows,Deposits,O.D,O.D.14,Other Third-Party Deposits,OK,Currency,enum,True,Currency
Outflows,Deposits,O.D,O.D.14,Other Third-Party Deposits,OK,Converted,enum,True,YesNo
Outflows,Deposits,O.D,O.D.14,Other Third-Party Deposits,OK,Product,string,True,
Outflows,Deposits,O.D,O.D.14,Other Third-Party Deposits,OK,Counterparty,enum,False,Counterparty
Outflows,Deposits,O.D,O.D.14,Other Third-Party Deposits,OK,GSIB,enum,False,YesNo
Outflows,Deposits,O.D,O.D.14,Other Third-Party Deposits,OK,MaturityAmount,money,False,
Outflows,Deposits,O.D,O.D.14,Other Third-Party Deposits,OK,MaturityBucket,enum,False,MaturityBucket
Outflows,Deposits,O.D,O.D.14,Other Third-Party Deposits,OK,MaturityOptionality,enum,False,MaturityOptionality
Outflows,Deposits,O.D,O.D.14,Other Third-Party Deposits,OK,CollateralClass,enum,False,CollateralClass
Outflows,Deposits,O.D,O.D.14,Other Third-Party Deposits,OK,CollateralValue,money,False,
Outflows,Deposits,O.D,O.D.14,Other Third-Party Deposits,OK,Insured,enum,False,YesNo
Outflows,Deposits,O.D,O.D.14,Other Third-Party Deposits,OK,Trigger,enum,False,Trigger
Outflows,Deposits,O.D,O.D.14,Other Third-Party Deposits,OK,Rehypothecated,enum,False,YesNo
Outflows,Deposits,O.D,O.D.14,Other Third-Party Deposits,OK,BusinessLine,string,False,
Outflows,Deposits,O.D,O.D.14,Other Third-Party Deposits,OK,Internal,enum,False,YesNo
Outflows,Deposits,O.D,O.D.14,Other Third-Party Deposits,OK,InternalCounterparty,string,False,
Outflows,Deposits,O.D,O.D.15,Other Accounts,OK,ReportingEntity,string,True,
Outflows,Deposits,O.D,O.D.15,Other Accounts,OK,Currency,enum,True,Currency
Outflows,Deposits,O.D,O.D.15,Other Accounts,OK,Converted,enum,True,YesNo
Outflows,Deposits,O.D,O.D.15,Other Accounts,OK,Product,string,True,
Outflows,Deposits,O.D,O.D.15,Other Accounts,OK,Counterparty,enum,False,Counterparty
Outflows,Deposits,O.D,O.D.15,Other Accounts,OK,GSIB,enum,False,YesNo
Outflows,Deposits,O.D,O.D.15,Other Accounts,OK,MaturityAmount,money,False,
Outflows,Deposits,O.D,O.D.15,Other Accounts,OK,MaturityBucket,enum,False,MaturityBucket
Outflows,Deposits,O.D,O.D.15,Other Accounts,OK,MaturityOptionality,enum,False,MaturityOptionality
Outflows,Deposits,O.D,O.D.15,Other Accounts,OK,CollateralClass,enum,False,CollateralClass
Outflows,Deposits,O.D,O.D.15,Other Accounts,OK,CollateralValue,money,False,
Outflows,Deposits,O.D,O.D.15,Other Accounts,OK,Insured,enum,False,YesNo
Outflows,Deposits,O.D,O.D.15,Other Accounts,OK,Trigger,enum,False,Trigger
Outflows,Deposits,O.D,O.D.15,Other Accounts,OK,Rehypothecated,enum,False,YesNo
Outflows,Deposits,O.D,O.D.15,Other Accounts,OK,BusinessLine,string,False,
Outflows,Deposits,O.D,O.D.15,Other Accounts,OK,Internal,enum,False,YesNo
Outflows,Deposits,O.D,O.D.15,Other Accounts,OK,InternalCounterparty,string,False,
Outflows,Other,O.O,O.O.1,Derivative Payables,OK,ReportingEntity,string,True,
Outflows,Other,O.O,O.O.1,Derivative Payables,OK,Currency,enum,True,Currency
Outflows,Other,O.O,O.O.1,Derivative Payables,OK,Converted,enum,True,YesNo
Outflows,Other,O.O,O.O.1,Derivative Payables,OK,Product,string,True,
Outflows,Other,O.O,O.O.1,Derivative Payables,OK,Counterparty,enum,False,Counterparty
Outflows,Other,O.O,O.O.1,Derivative Payables,OK,GSIB,enum,False,YesNo
Outflows,Other,O.O,O.O.1,Derivative Payables,OK,MaturityAmount,money,False,
Outflows,Other,O.O,O.O.1,Derivative Payables,OK,MaturityBucket,enum,False,MaturityBucket
Outflows,Other,O.O,O.O.1,Derivative Payables,OK,ForwardStartAmount,money,False,
Outflows,Other,O.O,O.O.1,Derivative Payables,OK,ForwardStartBucket,enum,False,MaturityBucket
Outflows,Other,O.O,O.O.1,Derivative Payables,OK,CollateralClass,enum,False,CollateralClass
Outflows,Other,O.O,O.O.1,Derivative Payables,OK,CollateralValue,money,False,
Outflows,Other,O.O,O.O.1,Derivative Payables,OK,Internal,enum,False,YesNo
Outflows,Other,O.O,O.O.1,Derivative Payables,OK,InternalCounterparty,string,False,
Outflows,Other,O.O,O.O.1,Derivative Payables,OK,BusinessLine,string,False,
Outflows,Other,O.O,O.O.2,Collateral Called for Delivery,OK,ReportingEntity,string,True,
Outflows,Other,O.O,O.O.2,Collateral Called for Delivery,OK,Currency,enum,True,Currency
Outflows,Other,O.O,O.O.2,Collateral Called for Delivery,OK,Converted,enum,True,YesNo
Outflows,Other,O.O,O.O.2,Collateral Called for Delivery,OK,Product,string,True,
Outflows,Other,O.O,O.O.2,Collateral Called for Delivery,OK,Counterparty,enum,False,Counterparty
Outflows,Other,O.O,O.O.2,Collateral Called for Delivery,OK,GSIB,enum,False,YesNo
Outflows,Other,O.O,O.O.2,Collateral Called for Delivery,OK,MaturityAmount,money,False,
Outflows,Other,O.O,O.O.2,Collateral Called for Delivery,OK,MaturityBucket,enum,False,MaturityBucket
Outflows,Other,O.O,O.O.2,Collateral Called for Delivery,OK,ForwardStartAmount,money,False,
Outflows,Other,O.O,O.O.2,Collateral Called for Delivery,OK,ForwardStartBucket,enum,False,MaturityBucket
Outflows,Other,O.O,O.O.2,Collateral Called for Delivery,OK,CollateralClass,enum,False,CollateralClass
Outflows,Other,O.O,O.O.2,Collateral Called for Delivery,OK,CollateralValue,money,False,
Outflows,Other,O.O,O.O.2,Collateral Called for Delivery,OK,Internal,enum,False,YesNo
Outflows,Other,O.O,O.O.2,Collateral Called for Delivery,OK,InternalCounterparty,string,False,
Outflows,Other,O.O,O.O.2,Collateral Called for Delivery,OK,BusinessLine,string,False,
Outflows,Other,O.O,O.O.3,TBA Purchases,OK,ReportingEntity,string,True,
Outflows,Other,O.O,O.O.3,TBA Purchases,OK,Currency,enum,True,Currency
Outflows,Other,O.O,O.O.3,TBA Purchases,OK,Converted,enum,True,YesNo
Outflows,Other,O.O,O.O.3,TBA Purchases,OK,Product,string,True,
Outflows,Other,O.O,O.O.3,TBA Purchases,OK,Counterparty,enum,False,Counterparty
Outflows,Other,O.O,O.O.3,TBA Purchases,OK,GSIB,enum,False,YesNo
Outflows,Other,O.O,O.O.3,TBA Purchases,OK,MaturityAmount,money,False,
Outflows,Other,O.O,O.O.3,TBA Purchases,OK,MaturityBucket,enum,False,MaturityBucket
Outflows,Other,O.O,O.O.3,TBA Purchases,OK,ForwardStartAmount,money,False,
Outflows,Other,O.O,O.O.3,TBA Purchases,OK,ForwardStartBucket,enum,False,MaturityBucket
Outflows,Other,O.O,O.O.3,TBA Purchases,OK,CollateralClass,enum,False,CollateralClass
Outflows,Other,O.O,O.O.3,TBA Purchases,OK,CollateralValue,money,False,
Outflows,Other,O.O,O.O.3,TBA Purchases,OK,Internal,enum,False,YesNo
Outflows,Other,O.O,O.O.3,TBA Purchases,OK,InternalCounterparty,string,False,
Outflows,Other,O.O,O.O.3,TBA Purchases,OK,BusinessLine,string,False,
Outflows,Other,O.O,O.O.4,Credit Facilities,OK,ReportingEntity,string,True,
Outflows,Other,O.O,O.O.4,Credit Facilities,OK,Currency,enum,True,Currency
Outflows,Other,O.O,O.O.4,Credit Facilities,OK,Converted,enum,True,YesNo
Outflows,Other,O.O,O.O.4,Credit Facilities,OK,Product,string,True,
Outflows,Other,O.O,O.O.4,Credit Facilities,OK,Counterparty,enum,False,Counterparty
Outflows,Other,O.O,O.O.4,Credit Facilities,OK,GSIB,enum,False,YesNo
Outflows,Other,O.O,O.O.4,Credit Facilities,OK,MaturityAmount,money,False,
Outflows,Other,O.O,O.O.4,Credit Facilities,OK,MaturityBucket,enum,False,MaturityBucket
Outflows,Other,O.O,O.O.4,Credit Facilities,OK,ForwardStartAmount,money,False,
Outflows,Other,O.O,O.O.4,Credit Facilities,OK,ForwardStartBucket,enum,False,MaturityBucket
Outflows,Other,O.O,O.O.4,Credit Facilities,OK,CollateralClass,enum,False,CollateralClass
Outflows,Other,O.O,O.O.4,Credit Facilities,OK,CollateralValue,money,False,
Outflows,Other,O.O,O.O.4,Credit Facilities,OK,Internal,enum,False,YesNo
Outflows,Other,O.O,O.O.4,Credit Facilities,OK,InternalCounterparty,string,False,
Outflows,Other,O.O,O.O.4,Credit Facilities,OK,BusinessLine,string,False,
Outflows,Other,O.O,O.O.5,Liquidity Facilities,OK,ReportingEntity,string,True,
Outflows,Other,O.O,O.O.5,Liquidity Facilities,OK,Currency,enum,True,Currency
Outflows,Other,O.O,O.O.5,Liquidity Facilities,OK,Converted,enum,True,YesNo
Outflows,Other,O.O,O.O.5,Liquidity Facilities,OK,Product,string,True,
Outflows,Other,O.O,O.O.5,Liquidity Facilities,OK,Counterparty,enum,False,Counterparty
Outflows,Other,O.O,O.O.5,Liquidity Facilities,OK,GSIB,enum,False,YesNo
Outflows,Other,O.O,O.O.5,Liquidity Facilities,OK,MaturityAmount,money,False,
Outflows,Other,O.O,O.O.5,Liquidity Facilities,OK,MaturityBucket,enum,False,MaturityBucket
Outflows,Other,O.O,O.O.5,Liquidity Facilities,OK,ForwardStartAmount,money,False,
Outflows,Other,O.O,O.O.5,Liquidity Facilities,OK,ForwardStartBucket,enum,False,MaturityBucket
Outflows,Other,O.O,O.O.5,Liquidity Facilities,OK,CollateralClass,enum,False,CollateralClass
Outflows,Other,O.O,O.O.5,Liquidity Facilities,OK,CollateralValue,money,False,
Outflows,Other,O.O,O.O.5,Liquidity Facilities,OK,Internal,enum,False,YesNo
Outflows,Other,O.O,O.O.5,Liquidity Facilities,OK,InternalCounterparty,string,False,
Outflows,Other,O.O,O.O.5,Liquidity Facilities,OK,BusinessLine,string,False,
Outflows,Other,O.O,O.O.6,Retail Mortgage Commitments,OK,ReportingEntity,string,True,
Outflows,Other,O.O,O.O.6,Retail Mortgage Commitments,OK,Currency,enum,True,Currency
Outflows,Other,O.O,O.O.6,Retail Mortgage Commitments,OK,Converted,enum,True,YesNo
Outflows,Other,O.O,O.O.6,Retail Mortgage Commitments,OK,Product,string,True,
Outflows,Other,O.O,O.O.6,Retail Mortgage Commitments,OK,Counterparty,enum,False,Counterparty
Outflows,Other,O.O,O.O.6,Retail Mortgage Commitments,OK,GSIB,enum,False,YesNo
Outflows,Other,O.O,O.O.6,Retail Mortgage Commitments,OK,MaturityAmount,money,False,
Outflows,Other,O.O,O.O.6,Retail Mortgage Commitments,OK,MaturityBucket,enum,False,MaturityBucket
Outflows,Other,O.O,O.O.6,Retail Mortgage Commitments,OK,ForwardStartAmount,money,False,
Outflows,Other,O.O,O.O.6,Retail Mortgage Commitments,OK,ForwardStartBucket,enum,False,MaturityBucket
Outflows,Other,O.O,O.O.6,Retail Mortgage Commitments,OK,CollateralClass,enum,False,CollateralClass
Outflows,Other,O.O,O.O.6,Retail Mortgage Commitments,OK,CollateralValue,money,False,
Outflows,Other,O.O,O.O.6,Retail Mortgage Commitments,OK,Internal,enum,False,YesNo
Outflows,Other,O.O,O.O.6,Retail Mortgage Commitments,OK,InternalCounterparty,string,False,
Outflows,Other,O.O,O.O.6,Retail Mortgage Commitments,OK,BusinessLine,string,False,
Outflows,Other,O.O,O.O.7,Trade Finance Instruments,OK,ReportingEntity,string,True,
Outflows,Other,O.O,O.O.7,Trade Finance Instruments,OK,Currency,enum,True,Currency
Outflows,Other,O.O,O.O.7,Trade Finance Instruments,OK,Converted,enum,True,YesNo
Outflows,Other,O.O,O.O.7,Trade Finance Instruments,OK,Product,string,True,
Outflows,Other,O.O,O.O.7,Trade Finance Instruments,OK,Counterparty,enum,False,Counterparty
Outflows,Other,O.O,O.O.7,Trade Finance Instruments,OK,GSIB,enum,False,YesNo
Outflows,Other,O.O,O.O.7,Trade Finance Instruments,OK,MaturityAmount,money,False,
Outflows,Other,O.O,O.O.7,Trade Finance Instruments,OK,MaturityBucket,enum,False,MaturityBucket
Outflows,Other,O.O,O.O.7,Trade Finance Instruments,OK,ForwardStartAmount,money,False,
Outflows,Other,O.O,O.O.7,Trade Finance Instruments,OK,ForwardStartBucket,enum,False,MaturityBucket
Outflows,Other,O.O,O.O.7,Trade Finance Instruments,OK,CollateralClass,enum,False,CollateralClass
Outflows,Other,O.O,O.O.7,Trade Finance Instruments,OK,CollateralValue,money,False,
Outflows,Other,O.O,O.O.7,Trade Finance Instruments,OK,Internal,enum,False,YesNo
Outflows,Other,O.O,O.O.7,Trade Finance Instruments,OK,InternalCounterparty,string,False,
Outflows,Other,O.O,O.O.7,Trade Finance Instruments,OK,BusinessLine,string,False,
Outflows,Other,O.O,O.O.8,MTM Impact on Derivative Positions,OK,ReportingEntity,string,True,
Outflows,Other,O.O,O.O.8,MTM Impact on Derivative Positions,OK,Currency,enum,True,Currency
Outflows,Other,O.O,O.O.8,MTM Impact on Derivative Positions,OK,Converted,enum,True,YesNo
Outflows,Other,O.O,O.O.8,MTM Impact on Derivative Positions,OK,Product,string,True,
Outflows,Other,O.O,O.O.8,MTM Impact on Derivative Positions,OK,Counterparty,enum,False,Counterparty
Outflows,Other,O.O,O.O.8,MTM Impact on Derivative Positions,OK,GSIB,enum,False,YesNo
Outflows,Other,O.O,O.O.8,MTM Impact on Derivative Positions,OK,MaturityAmount,money,False,
Outflows,Other,O.O,O.O.8,MTM Impact on Derivative Positions,OK,MaturityBucket,enum,False,MaturityBucket
Outflows,Other,O.O,O.O.8,MTM Impact on Derivative Positions,OK,ForwardStartAmount,money,False,
Outflows,Other,O.O,O.O.8,MTM Impact on Derivative Positions,OK,ForwardStartBucket,enum,False,MaturityBucket
Outflows,Other,O.O,O.O.8,MTM Impact on Derivative Positions,OK,CollateralClass,enum,False,CollateralClass
Outflows,Other,O.O,O.O.8,MTM Impact on Derivative Positions,OK,CollateralValue,money,False,
Outflows,Other,O.O,O.O.8,MTM Impact on Derivative Positions,OK,Internal,enum,False,YesNo
Outflows,Other,O.O,O.O.8,MTM Impact on Derivative Positions,OK,InternalCounterparty,string,False,
Outflows,Other,O.O,O.O.8,MTM Impact on Derivative Positions,OK,BusinessLine,string,False,
Outflows,Other,O.O,O.O.9,Loss of Rehypothecation Rights Due to a 1 Notch Downgrade,OK,ReportingEntity,string,True,
Outflows,Other,O.O,O.O.9,Loss of Rehypothecation Rights Due to a 1 Notch Downgrade,OK,Currency,enum,True,Currency
Outflows,Other,O.O,O.O.9,Loss of Rehypothecation Rights Due to a 1 Notch Downgrade,OK,Converted,enum,True,YesNo
Outflows,Other,O.O,O.O.9,Loss of Rehypothecation Rights Due to a 1 Notch Downgrade,OK,Product,string,True,
Outflows,Other,O.O,O.O.9,Loss of Rehypothecation Rights Due to a 1 Notch Downgrade,OK,Counterparty,enum,False,Counterparty
Outflows,Other,O.O,O.O.9,Loss of Rehypothecation Rights Due to a 1 Notch Downgrade,OK,GSIB,enum,False,YesNo
Outflows,Other,O.O,O.O.9,Loss of Rehypothecation Rights Due to a 1 Notch Downgrade,OK,MaturityAmount,money,False,
Outflows,Other,O.O,O.O.9,Loss of Rehypothecation Rights Due to a 1 Notch Downgrade,OK,MaturityBucket,enum,False,MaturityBucket
Outflows,Other,O.O,O.O.9,Loss of Rehypothecation Rights Due to a 1 Notch Downgrade,OK,ForwardStartAmount,money,False,
Outflows,Other,O.O,O.O.9,Loss of Rehypothecation Rights Due to a 1 Notch Downgrade,OK,ForwardStartBucket,enum,False,MaturityBucket
Outflows,Other,O.O,O.O.9,Loss of Rehypothecation Rights Due to a 1 Notch Downgrade,OK,CollateralClass,enum,False,CollateralClass
Outflows,Other,O.O,O.O.9,Loss of Rehypothecation Rights Due to a 1 Notch Downgrade,OK,CollateralValue,money,False,
Outflows,Other,O.O,O.O.9,Loss of Rehypothecation Rights Due to a 1 Notch Downgrade,OK,Internal,enum,False,YesNo
Outflows,Other,O.O,O.O.9,Loss of Rehypothecation Rights Due to a 1 Notch Downgrade,OK,InternalCounterparty,string,False,
Outflows,Other,O.O,O.O.9,Loss of Rehypothecation Rights Due to a 1 Notch Downgrade,OK,BusinessLine,string,False,
Outflows,Other,O.O,O.O.10,Loss of Rehypothecation Rights Due to a 2 Notch Downgrade,OK,ReportingEntity,string,True,
Outflows,Other,O.O,O.O.10,Loss of Rehypothecation Rights Due to a 2 Notch Downgrade,OK,Currency,enum,True,Currency
Outflows,Other,O.O,O.O.10,Loss of Rehypothecation Rights Due to a 2 Notch Downgrade,OK,Converted,enum,True,YesNo
Outflows,Other,O.O,O.O.10,Loss of Rehypothecation Rights Due to a 2 Notch Downgrade,OK,Product,string,True,
Outflows,Other,O.O,O.O.10,Loss of Rehypothecation Rights Due to a 2 Notch Downgrade,OK,Counterparty,enum,False,Counterparty
Outflows,Other,O.O,O.O.10,Loss of Rehypothecation Rights Due to a 2 Notch Downgrade,OK,GSIB,enum,False,YesNo
Outflows,Other,O.O,O.O.10,Loss of Rehypothecation Rights Due to a 2 Notch Downgrade,OK,MaturityAmount,money,False,
Outflows,Other,O.O,O.O.10,Loss of Rehypothecation Rights Due to a 2 Notch Downgrade,OK,MaturityBucket,enum,False,MaturityBucket
Outflows,Other,O.O,O.O.10,Loss of Rehypothecation Rights Due to a 2 Notch Downgrade,OK,ForwardStartAmount,money,False,
Outflows,Other,O.O,O.O.10,Loss of Rehypothecation Rights Due to a 2 Notch Downgrade,OK,ForwardStartBucket,enum,False,MaturityBucket
Outflows,Other,O.O,O.O.10,Loss of Rehypothecation Rights Due to a 2 Notch Downgrade,OK,CollateralClass,enum,False,CollateralClass
Outflows,Other,O.O,O.O.10,Loss of Rehypothecation Rights Due to a 2 Notch Downgrade,OK,CollateralValue,money,False,
Outflows,Other,O.O,O.O.10,Loss of Rehypothecation Rights Due to a 2 Notch Downgrade,OK,Internal,enum,False,YesNo
Outflows,Other,O.O,O.O.10,Loss of Rehypothecation Rights Due to a 2 Notch Downgrade,OK,InternalCounterparty,string,False,
Outflows,Other,O.O,O.O.10,Loss of Rehypothecation Rights Due to a 2 Notch Downgrade,OK,BusinessLine,string,False,
Outflows,Other,O.O,O.O.11,Loss of Rehypothecation Rights Due to a 3 Notch Downgrade,OK,ReportingEntity,string,True,
Outflows,Other,O.O,O.O.11,Loss of Rehypothecation Rights Due to a 3 Notch Downgrade,OK,Currency,enum,True,Currency
Outflows,Other,O.O,O.O.11,Loss of Rehypothecation Rights Due to a 3 Notch Downgrade,OK,Converted,enum,True,YesNo
Outflows,Other,O.O,O.O.11,Loss of Rehypothecation Rights Due to a 3 Notch Downgrade,OK,Product,string,True,
Outflows,Other,O.O,O.O.11,Loss of Rehypothecation Rights Due to a 3 Notch Downgrade,OK,Counterparty,enum,False,Counterparty
Outflows,Other,O.O,O.O.11,Loss of Rehypothecation Rights Due to a 3 Notch Downgrade,OK,GSIB,enum,False,YesNo
Outflows,Other,O.O,O.O.11,Loss of Rehypothecation Rights Due to a 3 Notch Downgrade,OK,MaturityAmount,money,False,
Outflows,Other,O.O,O.O.11,Loss of Rehypothecation Rights Due to a 3 Notch Downgrade,OK,MaturityBucket,enum,False,MaturityBucket
Outflows,Other,O.O,O.O.11,Loss of Rehypothecation Rights Due to a 3 Notch Downgrade,OK,ForwardStartAmount,money,False,
Outflows,Other,O.O,O.O.11,Loss of Rehypothecation Rights Due to a 3 Notch Downgrade,OK,ForwardStartBucket,enum,False,MaturityBucket
Outflows,Other,O.O,O.O.11,Loss of Rehypothecation Rights Due to a 3 Notch Downgrade,OK,CollateralClass,enum,False,CollateralClass
Outflows,Other,O.O,O.O.11,Loss of Rehypothecation Rights Due to a 3 Notch Downgrade,OK,CollateralValue,money,False,
Outflows,Other,O.O,O.O.11,Loss of Rehypothecation Rights Due to a 3 Notch Downgrade,OK,Internal,enum,False,YesNo
Outflows,Other,O.O,O.O.11,Loss of Rehypothecation Rights Due to a 3 Notch Downgrade,OK,InternalCounterparty,string,False,
Outflows,Other,O.O,O.O.11,Loss of Rehypothecation Rights Due to a 3 Notch Downgrade,OK,BusinessLine,string,False,
Outflows,Other,O.O,O.O.12,Loss of Rehypothecation Rights Due to a Change in Financial Condition,OK,ReportingEntity,string,True,
Outflows,Other,O.O,O.O.12,Loss of Rehypothecation Rights Due to a Change in Financial Condition,OK,Currency,enum,True,Currency
Outflows,Other,O.O,O.O.12,Loss of Rehypothecation Rights Due to a Change in Financial Condition,OK,Converted,enum,True,YesNo
Outflows,Other,O.O,O.O.12,Loss of Rehypothecation Rights Due to a Change in Financial Condition,OK,Product,string,True,
Outflows,Other,O.O,O.O.12,Loss of Rehypothecation Rights Due to a Change in Financial Condition,OK,Counterparty,enum,False,Counterparty
Outflows,Other,O.O,O.O.12,Loss of Rehypothecation Rights Due to a Change in Financial Condition,OK,GSIB,enum,False,YesNo
Outflows,Other,O.O,O.O.12,Loss of Rehypothecation Rights Due to a Change in Financial Condition,OK,MaturityAmount,money,False,
Outflows,Other,O.O,O.O.12,Loss of Rehypothecation Rights Due to a Change in Financial Condition,OK,MaturityBucket,enum,False,MaturityBucket
Outflows,Other,O.O,O.O.12,Loss of Rehypothecation Rights Due to a Change in Financial Condition,OK,ForwardStartAmount,money,False,
Outflows,Other,O.O,O.O.12,Loss of Rehypothecation Rights Due to a Change in Financial Condition,OK,ForwardStartBucket,enum,False,MaturityBucket
Outflows,Other,O.O,O.O.12,Loss of Rehypothecation Rights Due to a Change in Financial Condition,OK,CollateralClass,enum,False,CollateralClass
Outflows,Other,O.O,O.O.12,Loss of Rehypothecation Rights Due to a Change in Financial Condition,OK,CollateralValue,money,False,
Outflows,Other,O.O,O.O.12,Loss of Rehypothecation Rights Due to a Change in Financial Condition,OK,Internal,enum,False,YesNo
Outflows,Other,O.O,O.O.12,Loss of Rehypothecation Rights Due to a Change in Financial Condition,OK,InternalCounterparty,string,False,
Outflows,Other,O.O,O.O.12,Loss of Rehypothecation Rights Due to a Change in Financial Condition,OK,BusinessLine,string,False,
Outflows,Other,O.O,O.O.13,Total Collateral Required Due to a 1 Notch Downgrade,OK,ReportingEntity,string,True,
Outflows,Other,O.O,O.O.13,Total Collateral Required Due to a 1 Notch Downgrade,OK,Currency,enum,True,Currency
Outflows,Other,O.O,O.O.13,Total Collateral Required Due to a 1 Notch Downgrade,OK,Converted,enum,True,YesNo
Outflows,Other,O.O,O.O.13,Total Collateral Required Due to a 1 Notch Downgrade,OK,Product,string,True,
Outflows,Other,O.O,O.O.13,Total Collateral Required Due to a 1 Notch Downgrade,OK,Counterparty,enum,False,Counterparty
Outflows,Other,O.O,O.O.13,Total Collateral Required Due to a 1 Notch Downgrade,OK,GSIB,enum,False,YesNo
Outflows,Other,O.O,O.O.13,Total Collateral Required Due to a 1 Notch Downgrade,OK,MaturityAmount,money,False,
Outflows,Other,O.O,O.O.13,Total Collateral Required Due to a 1 Notch Downgrade,OK,MaturityBucket,enum,False,MaturityBucket
Outflows,Other,O.O,O.O.13,Total Collateral Required Due to a 1 Notch Downgrade,OK,ForwardStartAmount,money,False,
Outflows,Other,O.O,O.O.13,Total Collateral Required Due to a 1 Notch Downgrade,OK,ForwardStartBucket,enum,False,MaturityBucket
Outflows,Other,O.O,O.O.13,Total Collateral Required Due to a 1 Notch Downgrade,OK,CollateralClass,enum,False,CollateralClass
Outflows,Other,O.O,O.O.13,Total Collateral Required Due to a 1 Notch Downgrade,OK,CollateralValue,money,False,
Outflows,Other,O.O,O.O.13,Total Collateral Required Due to a 1 Notch Downgrade,OK,Internal,enum,False,YesNo
Outflows,Other,O.O,O.O.13,Total Collateral Required Due to a 1 Notch Downgrade,OK,InternalCounterparty,string,False,
Outflows,Other,O.O,O.O.13,Total Collateral Required Due to a 1 Notch Downgrade,OK,BusinessLine,string,False,
Outflows,Other,O.O,O.O.14,Total Collateral Required Due to a 2 Notch Downgrade,OK,ReportingEntity,string,True,
Outflows,Other,O.O,O.O.14,Total Collateral Required Due to a 2 Notch Downgrade,OK,Currency,enum,True,Currency
Outflows,Other,O.O,O.O.14,Total Collateral Required Due to a 2 Notch Downgrade,OK,Converted,enum,True,YesNo
Outflows,Other,O.O,O.O.14,Total Collateral Required Due to a 2 Notch Downgrade,OK,Product,string,True,
Outflows,Other,O.O,O.O.14,Total Collateral Required Due to a 2 Notch Downgrade,OK,Counterparty,enum,False,Counterparty
Outflows,Other,O.O,O.O.14,Total Collateral Required Due to a 2 Notch Downgrade,OK,GSIB,enum,False,YesNo
Outflows,Other,O.O,O.O.14,Total Collateral Required Due to a 2 Notch Downgrade,OK,MaturityAmount,money,False,
Outflows,Other,O.O,O.O.14,Total Collateral Required Due to a 2 Notch Downgrade,OK,MaturityBucket,enum,False,MaturityBucket
Outflows,Other,O.O,O.O.14,Total Collateral Required Due to a 2 Notch Downgrade,OK,ForwardStartAmount,money,False,
Outflows,Other,O.O,O.O.14,Total Collateral Required Due to a 2 Notch Downgrade,OK,ForwardStartBucket,enum,False,MaturityBucket
Outflows,Other,O.O,O.O.14,Total Collateral Required Due to a 2 Notch Downgrade,OK,CollateralClass,enum,False,CollateralClass
Outflows,Other,O.O,O.O.14,Total Collateral Required Due to a 2 Notch Downgrade,OK,CollateralValue,money,False,
Outflows,Other,O.O,O.O.14,Total Collateral Required Due to a 2 Notch Downgrade,OK,Internal,enum,False,YesNo
Outflows,Other,O.O,O.O.14,Total Collateral Required Due to a 2 Notch Downgrade,OK,InternalCounterparty,string,False,
Outflows,Other,O.O,O.O.14,Total Collateral Required Due to a 2 Notch Downgrade,OK,BusinessLine,string,False,
Outflows,Other,O.O,O.O.15,Total Collateral Required Due to a 3 Notch Downgrade,OK,ReportingEntity,string,True,
Outflows,Other,O.O,O.O.15,Total Collateral Required Due to a 3 Notch Downgrade,OK,Currency,enum,True,Currency
Outflows,Other,O.O,O.O.15,Total Collateral Required Due to a 3 Notch Downgrade,OK,Converted,enum,True,YesNo
Outflows,Other,O.O,O.O.15,Total Collateral Required Due to a 3 Notch Downgrade,OK,Product,string,True,
Outflows,Other,O.O,O.O.15,Total Collateral Required Due to a 3 Notch Downgrade,OK,Counterparty,enum,False,Counterparty
Outflows,Other,O.O,O.O.15,Total Collateral Required Due to a 3 Notch Downgrade,OK,GSIB,enum,False,YesNo
Outflows,Other,O.O,O.O.15,Total Collateral Required Due to a 3 Notch Downgrade,OK,MaturityAmount,money,False,
Outflows,Other,O.O,O.O.15,Total Collateral Required Due to a 3 Notch Downgrade,OK,MaturityBucket,enum,False,MaturityBucket
Outflows,Other,O.O,O.O.15,Total Collateral Required Due to a 3 Notch Downgrade,OK,ForwardStartAmount,money,False,
Outflows,Other,O.O,O.O.15,Total Collateral Required Due to a 3 Notch Downgrade,OK,ForwardStartBucket,enum,False,MaturityBucket
Outflows,Other,O.O,O.O.15,Total Collateral Required Due to a 3 Notch Downgrade,OK,CollateralClass,enum,False,CollateralClass
Outflows,Other,O.O,O.O.15,Total Collateral Required Due to a 3 Notch Downgrade,OK,CollateralValue,money,False,
Outflows,Other,O.O,O.O.15,Total Collateral Required Due to a 3 Notch Downgrade,OK,Internal,enum,False,YesNo
Outflows,Other,O.O,O.O.15,Total Collateral Required Due to a 3 Notch Downgrade,OK,InternalCounterparty,string,False,
Outflows,Other,O.O,O.O.15,Total Collateral Required Due to a 3 Notch Downgrade,OK,BusinessLine,string,False,
Outflows,Other,O.O,O.O.16,Total Collateral Required Due to a Change in Financial Condition,OK,ReportingEntity,string,True,
Outflows,Other,O.O,O.O.16,Total Collateral Required Due to a Change in Financial Condition,OK,Currency,enum,True,Currency
Outflows,Other,O.O,O.O.16,Total Collateral Required Due to a Change in Financial Condition,OK,Converted,enum,True,YesNo
Outflows,Other,O.O,O.O.16,Total Collateral Required Due to a Change in Financial Condition,OK,Product,string,True,
Outflows,Other,O.O,O.O.16,Total Collateral Required Due to a Change in Financial Condition,OK,Counterparty,enum,False,Counterparty
Outflows,Other,O.O,O.O.16,Total Collateral Required Due to a Change in Financial Condition,OK,GSIB,enum,False,YesNo
Outflows,Other,O.O,O.O.16,Total Collateral Required Due to a Change in Financial Condition,OK,MaturityAmount,money,False,
Outflows,Other,O.O,O.O.16,Total Collateral Required Due to a Change in Financial Condition,OK,MaturityBucket,enum,False,MaturityBucket
Outflows,Other,O.O,O.O.16,Total Collateral Required Due to a Change in Financial Condition,OK,ForwardStartAmount,money,False,
Outflows,Other,O.O,O.O.16,Total Collateral Required Due to a Change in Financial Condition,OK,ForwardStartBucket,enum,False,MaturityBucket
Outflows,Other,O.O,O.O.16,Total Collateral Required Due to a Change in Financial Condition,OK,CollateralClass,enum,False,CollateralClass
Outflows,Other,O.O,O.O.16,Total Collateral Required Due to a Change in Financial Condition,OK,CollateralValue,money,False,
Outflows,Other,O.O,O.O.16,Total Collateral Required Due to a Change in Financial Condition,OK,Internal,enum,False,YesNo
Outflows,Other,O.O,O.O.16,Total Collateral Required Due to a Change in Financial Condition,OK,InternalCounterparty,string,False,
Outflows,Other,O.O,O.O.16,Total Collateral Required Due to a Change in Financial Condition,OK,BusinessLine,string,False,
Outflows,Other,O.O,O.O.17,Excess Margin,OK,ReportingEntity,string,True,
Outflows,Other,O.O,O.O.17,Excess Margin,OK,Currency,enum,True,Currency
Outflows,Other,O.O,O.O.17,Excess Margin,OK,Converted,enum,True,YesNo
Outflows,Other,O.O,O.O.17,Excess Margin,OK,Product,string,True,
Outflows,Other,O.O,O.O.17,Excess Margin,OK,Counterparty,enum,False,Counterparty
Outflows,Other,O.O,O.O.17,Excess Margin,OK,GSIB,enum,False,YesNo
Outflows,Other,O.O,O.O.17,Excess Margin,OK,MaturityAmount,money,False,
Outflows,Other,O.O,O.O.17,Excess Margin,OK,MaturityBucket,enum,False,MaturityBucket
Outflows,Other,O.O,O.O.17,Excess Margin,OK,ForwardStartAmount,money,False,
Outflows,Other,O.O,O.O.17,Excess Margin,OK,ForwardStartBucket,enum,False,MaturityBucket
Outflows,Other,O.O,O.O.17,Excess Margin,OK,CollateralClass,enum,False,CollateralClass
Outflows,Other,O.O,O.O.17,Excess Margin,OK,CollateralValue,money,False,
Outflows,Other,O.O,O.O.17,Excess Margin,OK,Internal,enum,False,YesNo
Outflows,Other,O.O,O.O.17,Excess Margin,OK,InternalCounterparty,string,False,
Outflows,Other,O.O,O.O.17,Excess Margin,OK,BusinessLine,string,False,
Outflows,Other,O.O,O.O.18,Unfunded Term Margin,OK,ReportingEntity,string,True,
Outflows,Other,O.O,O.O.18,Unfunded Term Margin,OK,Currency,enum,True,Currency
Outflows,Other,O.O,O.O.18,Unfunded Term Margin,OK,Converted,enum,True,YesNo
Outflows,Other,O.O,O.O.18,Unfunded Term Margin,OK,Product,string,True,
Outflows,Other,O.O,O.O.18,Unfunded Term Margin,OK,Counterparty,enum,False,Counterparty
Outflows,Other,O.O,O.O.18,Unfunded Term Margin,OK,GSIB,enum,False,YesNo
Outflows,Other,O.O,O.O.18,Unfunded Term Margin,OK,MaturityAmount,money,False,
Outflows,Other,O.O,O.O.18,Unfunded Term Margin,OK,MaturityBucket,enum,False,MaturityBucket
Outflows,Other,O.O,O.O.18,Unfunded Term Margin,OK,ForwardStartAmount,money,False,
Outflows,Other,O.O,O.O.18,Unfunded Term Margin,OK,ForwardStartBucket,enum,False,MaturityBucket
Outflows,Other,O.O,O.O.18,Unfunded Term Margin,OK,CollateralClass,enum,False,CollateralClass
Outflows,Other,O.O,O.O.18,Unfunded Term Margin,OK,CollateralValue,money,False,
Outflows,Other,O.O,O.O.18,Unfunded Term Margin,OK,Internal,enum,False,YesNo
Outflows,Other,O.O,O.O.18,Unfunded Term Margin,OK,InternalCounterparty,string,False,
Outflows,Other,O.O,O.O.18,Unfunded Term Margin,OK,BusinessLine,string,False,
Outflows,Other,O.O,O.O.19,Interest & Dividends Payable,OK,ReportingEntity,string,True,
Outflows,Other,O.O,O.O.19,Interest & Dividends Payable,OK,Currency,enum,True,Currency
Outflows,Other,O.O,O.O.19,Interest & Dividends Payable,OK,Converted,enum,True,YesNo
Outflows,Other,O.O,O.O.19,Interest & Dividends Payable,OK,Product,string,True,
Outflows,Other,O.O,O.O.19,Interest & Dividends Payable,OK,Counterparty,enum,False,Counterparty
Outflows,Other,O.O,O.O.19,Interest & Dividends Payable,OK,GSIB,enum,False,YesNo
Outflows,Other,O.O,O.O.19,Interest & Dividends Payable,OK,MaturityAmount,money,False,
Outflows,Other,O.O,O.O.19,Interest & Dividends Payable,OK,MaturityBucket,enum,False,MaturityBucket
Outflows,Other,O.O,O.O.19,Interest & Dividends Payable,OK,ForwardStartAmount,money,False,
Outflows,Other,O.O,O.O.19,Interest & Dividends Payable,OK,ForwardStartBucket,enum,False,MaturityBucket
Outflows,Other,O.O,O.O.19,Interest & Dividends Payable,OK,CollateralClass,enum,False,CollateralClass
Outflows,Other,O.O,O.O.19,Interest & Dividends Payable,OK,CollateralValue,money,False,
Outflows,Other,O.O,O.O.19,Interest & Dividends Payable,OK,Internal,enum,False,YesNo
Outflows,Other,O.O,O.O.19,Interest & Dividends Payable,OK,InternalCounterparty,string,False,
Outflows,Other,O.O,O.O.19,Interest & Dividends Payable,OK,BusinessLine,string,False,
Outflows,Other,O.O,O.O.20,Net 30-Day Derivative Payables,OK,ReportingEntity,string,True,
Outflows,Other,O.O,O.O.20,Net 30-Day Derivative Payables,OK,Currency,enum,True,Currency
Outflows,Other,O.O,O.O.20,Net 30-Day Derivative Payables,OK,Converted,enum,True,YesNo
Outflows,Other,O.O,O.O.20,Net 30-Day Derivative Payables,OK,Product,string,True,
Outflows,Other,O.O,O.O.20,Net 30-Day Derivative Payables,OK,Counterparty,enum,False,Counterparty
Outflows,Other,O.O,O.O.20,Net 30-Day Derivative Payables,OK,GSIB,enum,False,YesNo
Outflows,Other,O.O,O.O.20,Net 30-Day Derivative Payables,OK,MaturityAmount,money,False,
Outflows,Other,O.O,O.O.20,Net 30-Day Derivative Payables,OK,MaturityBucket,enum,False,MaturityBucket
Outflows,Other,O.O,O.O.20,Net 30-Day Derivative Payables,OK,ForwardStartAmount,money,False,
Outflows,Other,O.O,O.O.20,Net 30-Day Derivative Payables,OK,ForwardStartBucket,enum,False,MaturityBucket
Outflows,Other,O.O,O.O.20,Net 30-Day Derivative Payables,OK,CollateralClass,enum,False,CollateralClass
Outflows,Other,O.O,O.O.20,Net 30-Day Derivative Payables,OK,CollateralValue,money,False,
Outflows,Other,O.O,O.O.20,Net 30-Day Derivative Payables,OK,Internal,enum,False,YesNo
Outflows,Other,O.O,O.O.20,Net 30-Day Derivative Payables,OK,InternalCounterparty,string,False,
Outflows,Other,O.O,O.O.20,Net 30-Day Derivative Payables,OK,BusinessLine,string,False,
Outflows,Other,O.O,O.O.21,Other Outflows Related to Structured Transactions,OK,ReportingEntity,string,True,
Outflows,Other,O.O,O.O.21,Other Outflows Related to Structured Transactions,OK,Currency,enum,True,Currency
Outflows,Other,O.O,O.O.21,Other Outflows Related to Structured Transactions,OK,Converted,enum,True,YesNo
Outflows,Other,O.O,O.O.21,Other Outflows Related to Structured Transactions,OK,Product,string,True,
Outflows,Other,O.O,O.O.21,Other Outflows Related to Structured Transactions,OK,Counterparty,enum,False,Counterparty
Outflows,Other,O.O,O.O.21,Other Outflows Related to Structured Transactions,OK,GSIB,enum,False,YesNo
Outflows,Other,O.O,O.O.21,Other Outflows Related to Structured Transactions,OK,MaturityAmount,money,False,
Outflows,Other,O.O,O.O.21,Other Outflows Related to Structured Transactions,OK,MaturityBucket,enum,False,MaturityBucket
Outflows,Other,O.O,O.O.21,Other Outflows Related to Structured Transactions,OK,ForwardStartAmount,money,False,
Outflows,Other,O.O,O.O.21,Other Outflows Related to Structured Transactions,OK,ForwardStartBucket,enum,False,MaturityBucket
Outflows,Other,O.O,O.O.21,Other Outflows Related to Structured Transactions,OK,CollateralClass,enum,False,CollateralClass
Outflows,Other,O.O,O.O.21,Other Outflows Related to Structured Transactions,OK,CollateralValue,money,False,
Outflows,Other,O.O,O.O.21,Other Outflows Related to Structured Transactions,OK,Internal,enum,False,YesNo
Outflows,Other,O.O,O.O.21,Other Outflows Related to Structured Transactions,OK,InternalCounterparty,string,False,
Outflows,Other,O.O,O.O.21,Other Outflows Related to Structured Transactions,OK,BusinessLine,string,False,
Outflows,Other,O.O,O.O.22,Other Cash Outflows,OK,ReportingEntity,string,True,
Outflows,Other,O.O,O.O.22,Other Cash Outflows,OK,Currency,enum,True,Currency
Outflows,Other,O.O,O.O.22,Other Cash Outflows,OK,Converted,enum,True,YesNo
Outflows,Other,O.O,O.O.22,Other Cash Outflows,OK,Product,string,True,
Outflows,Other,O.O,O.O.22,Other Cash Outflows,OK,Counterparty,enum,False,Counterparty
Outflows,Other,O.O,O.O.22,Other Cash Outflows,OK,GSIB,enum,False,YesNo
Outflows,Other,O.O,O.O.22,Other Cash Outflows,OK,MaturityAmount,money,False,
Outflows,Other,O.O,O.O.22,Other Cash Outflows,OK,MaturityBucket,enum,False,MaturityBucket
Outflows,Other,O.O,O.O.22,Other Cash Outflows,OK,ForwardStartAmount,money,False,
Outflows,Other,O.O,O.O.22,Other Cash Outflows,OK,ForwardStartBucket,enum,False,MaturityBucket
Outflows,Other,O.O,O.O.22,Other Cash Outflows,OK,CollateralClass,enum,False,CollateralClass
Outflows,Other,O.O,O.O.22,Other Cash Outflows,OK,CollateralValue,money,False,
Outflows,Other,O.O,O.O.22,Other Cash Outflows,OK,Internal,enum,False,YesNo
Outflows,Other,O.O,O.O.22,Other Cash Outflows,OK,InternalCounterparty,string,False,
Outflows,Other,O.O,O.O.22,Other Cash Outflows,OK,BusinessLine,string,False,
Supplemental,Derivatives & Collateral,S.DC,S.DC.1,Gross Derivative Asset Values,OK,ReportingEntity,string,True,
Supplemental,Derivatives & Collateral,S.DC,S.DC.1,Gross Derivative Asset Values,OK,Currency,enum,True,Currency
Supplemental,Derivatives & Collateral,S.DC,S.DC.1,Gross Derivative Asset Values,OK,Converted,enum,True,YesNo
Supplemental,Derivatives & Collateral,S.DC,S.DC.1,Gross Derivative Asset Values,OK,Product,string,True,
Supplemental,Derivatives & Collateral,S.DC,S.DC.1,Gross Derivative Asset Values,OK,SubProduct,string,False,
Supplemental,Derivatives & Collateral,S.DC,S.DC.1,Gross Derivative Asset Values,OK,SubProduct2,string,False,
Supplemental,Derivatives & Collateral,S.DC,S.DC.1,Gross Derivative Asset Values,OK,MarketValue,money,False,
Supplemental,Derivatives & Collateral,S.DC,S.DC.1,Gross Derivative Asset Values,OK,CollateralClass,enum,False,CollateralClass
Supplemental,Derivatives & Collateral,S.DC,S.DC.1,Gross Derivative Asset Values,OK,CollateralLevel,enum,False,CollateralLevel
Supplemental,Derivatives & Collateral,S.DC,S.DC.1,Gross Derivative Asset Values,OK,Counterparty,enum,False,Counterparty
Supplemental,Derivatives & Collateral,S.DC,S.DC.1,Gross Derivative Asset Values,OK,GSIB,enum,False,YesNo
Supplemental,Derivatives & Collateral,S.DC,S.DC.1,Gross Derivative Asset Values,OK,EffectiveMaturityBucket,enum,False,EffectiveMaturityBucket
Supplemental,Derivatives & Collateral,S.DC,S.DC.1,Gross Derivative Asset Values,OK,EncumbranceType,enum,False,EncumbranceType
Supplemental,Derivatives & Collateral,S.DC,S.DC.1,Gross Derivative Asset Values,OK,NettingEligible,enum,False,YesNo
Supplemental,Derivatives & Collateral,S.DC,S.DC.1,Gross Derivative Asset Values,OK,TreasuryControl,enum,False,YesNo
Supplemental,Derivatives & Collateral,S.DC,S.DC.1,Gross Derivative Asset Values,OK,Internal,enum,False,YesNo
Supplemental,Derivatives & Collateral,S.DC,S.DC.1,Gross Derivative Asset Values,OK,InternalCounterparty,string,False,
Supplemental,Derivatives & Collateral,S.DC,S.DC.1,Gross Derivative Asset Values,OK,BusinessLine,string,False,
Supplemental,Derivatives & Collateral,S.DC,S.DC.2,Gross Derivative Liability Values,OK,ReportingEntity,string,True,
Supplemental,Derivatives & Collateral,S.DC,S.DC.2,Gross Derivative Liability Values,OK,Currency,enum,True,Currency
Supplemental,Derivatives & Collateral,S.DC,S.DC.2,Gross Derivative Liability Values,OK,Converted,enum,True,YesNo
Supplemental,Derivatives & Collateral,S.DC,S.DC.2,Gross Derivative Liability Values,OK,Product,string,True,
Supplemental,Derivatives & Collateral,S.DC,S.DC.2,Gross Derivative Liability Values,OK,SubProduct,string,False,
Supplemental,Derivatives & Collateral,S.DC,S.DC.2,Gross Derivative Liability Values,OK,SubProduct2,string,False,
Supplemental,Derivatives & Collateral,S.DC,S.DC.2,Gross Derivative Liability Values,OK,MarketValue,money,False,
Supplemental,Derivatives & Collateral,S.DC,S.DC.2,Gross Derivative Liability Values,OK,CollateralClass,enum,False,CollateralClass
Supplemental,Derivatives & Collateral,S.DC,S.DC.2,Gross Derivative Liability Values,OK,CollateralLevel,enum,False,CollateralLevel
Supplemental,Derivatives & Collateral,S.DC,S.DC.2,Gross Derivative Liability Values,OK,Counterparty,enum,False,Counterparty
Supplemental,Derivatives & Collateral,S.DC,S.DC.2,Gross Derivative Liability Values,OK,GSIB,enum,False,YesNo
Supplemental,Derivatives & Collateral,S.DC,S.DC.2,Gross Derivative Liability Values,OK,EffectiveMaturityBucket,enum,False,EffectiveMaturityBucket
Supplemental,Derivatives & Collateral,S.DC,S.DC.2,Gross Derivative Liability Values,OK,EncumbranceType,enum,False,EncumbranceType
Supplemental,Derivatives & Collateral,S.DC,S.DC.2,Gross Derivative Liability Values,OK,NettingEligible,enum,False,YesNo
Supplemental,Derivatives & Collateral,S.DC,S.DC.2,Gross Derivative Liability Values,OK,TreasuryControl,enum,False,YesNo
Supplemental,Derivatives & Collateral,S.DC,S.DC.2,Gross Derivative Liability Values,OK,Internal,enum,False,YesNo
Supplemental,Derivatives & Collateral,S.DC,S.DC.2,Gross Derivative Liability Values,OK,InternalCounterparty,string,False,
Supplemental,Derivatives & Collateral,S.DC,S.DC.2,Gross Derivative Liability Values,OK,BusinessLine,string,False,
Supplemental,Derivatives & Collateral,S.DC,S.DC.3,Derivative Settlement Payments Delivered,OK,ReportingEntity,string,True,
Supplemental,Derivatives & Collateral,S.DC,S.DC.3,Derivative Settlement Payments Delivered,OK,Currency,enum,True,Currency
Supplemental,Derivatives & Collateral,S.DC,S.DC.3,Derivative Settlement Payments Delivered,OK,Converted,enum,True,YesNo
Supplemental,Derivatives & Collateral,S.DC,S.DC.3,Derivative Settlement Payments Delivered,OK,Product,string,True,
Supplemental,Derivatives & Collateral,S.DC,S.DC.3,Derivative Settlement Payments Delivered,OK,SubProduct,string,False,
Supplemental,Derivatives & Collateral,S.DC,S.DC.3,Derivative Settlement Payments Delivered,OK,SubProduct2,string,False,
Supplemental,Derivatives & Collateral,S.DC,S.DC.3,Derivative Settlement Payments Delivered,OK,MarketValue,money,False,
Supplemental,Derivatives & Collateral,S.DC,S.DC.3,Derivative Settlement Payments Delivered,OK,CollateralClass,enum,False,CollateralClass
Supplemental,Derivatives & Collateral,S.DC,S.DC.3,Derivative Settlement Payments Delivered,OK,CollateralLevel,enum,False,CollateralLevel
Supplemental,Derivatives & Collateral,S.DC,S.DC.3,Derivative Settlement Payments Delivered,OK,Counterparty,enum,False,Counterparty
Supplemental,Derivatives & Collateral,S.DC,S.DC.3,Derivative Settlement Payments Delivered,OK,GSIB,enum,False,YesNo
Supplemental,Derivatives & Collateral,S.DC,S.DC.3,Derivative Settlement Payments Delivered,OK,EffectiveMaturityBucket,enum,False,EffectiveMaturityBucket
Supplemental,Derivatives & Collateral,S.DC,S.DC.3,Derivative Settlement Payments Delivered,OK,EncumbranceType,enum,False,EncumbranceType
Supplemental,Derivatives & Collateral,S.DC,S.DC.3,Derivative Settlement Payments Delivered,OK,NettingEligible,enum,False,YesNo
Supplemental,Derivatives & Collateral,S.DC,S.DC.3,Derivative Settlement Payments Delivered,OK,TreasuryControl,enum,False,YesNo
Supplemental,Derivatives & Collateral,S.DC,S.DC.3,Derivative Settlement Payments Delivered,OK,Internal,enum,False,YesNo
Supplemental,Derivatives & Collateral,S.DC,S.DC.3,Derivative Settlement Payments Delivered,OK,InternalCounterparty,string,False,
Supplemental,Derivatives & Collateral,S.DC,S.DC.3,Derivative Settlement Payments Delivered,OK,BusinessLine,string,False,
Supplemental,Derivatives & Collateral,S.DC,S.DC.4,Derivative Settlement Payments Received,OK,ReportingEntity,string,True,
Supplemental,Derivatives & Collateral,S.DC,S.DC.4,Derivative Settlement Payments Received,OK,Currency,enum,True,Currency
Supplemental,Derivatives & Collateral,S.DC,S.DC.4,Derivative Settlement Payments Received,OK,Converted,enum,True,YesNo
Supplemental,Derivatives & Collateral,S.DC,S.DC.4,Derivative Settlement Payments Received,OK,Product,string,True,
Supplemental,Derivatives & Collateral,S.DC,S.DC.4,Derivative Settlement Payments Received,OK,SubProduct,string,False,
Supplemental,Derivatives & Collateral,S.DC,S.DC.4,Derivative Settlement Payments Received,OK,SubProduct2,string,False,
Supplemental,Derivatives & Collateral,S.DC,S.DC.4,Derivative Settlement Payments Received,OK,MarketValue,money,False,
Supplemental,Derivatives & Collateral,S.DC,S.DC.4,Derivative Settlement Payments Received,OK,CollateralClass,enum,False,CollateralClass
Supplemental,Derivatives & Collateral,S.DC,S.DC.4,Derivative Settlement Payments Received,OK,CollateralLevel,enum,False,CollateralLevel
Supplemental,Derivatives & Collateral,S.DC,S.DC.4,Derivative Settlement Payments Received,OK,Counterparty,enum,False,Counterparty
Supplemental,Derivatives & Collateral,S.DC,S.DC.4,Derivative Settlement Payments Received,OK,GSIB,enum,False,YesNo
Supplemental,Derivatives & Collateral,S.DC,S.DC.4,Derivative Settlement Payments Received,OK,EffectiveMaturityBucket,enum,False,EffectiveMaturityBucket
Supplemental,Derivatives & Collateral,S.DC,S.DC.4,Derivative Settlement Payments Received,OK,EncumbranceType,enum,False,EncumbranceType
Supplemental,Derivatives & Collateral,S.DC,S.DC.4,Derivative Settlement Payments Received,OK,NettingEligible,enum,False,YesNo
Supplemental,Derivatives & Collateral,S.DC,S.DC.4,Derivative Settlement Payments Received,OK,TreasuryControl,enum,False,YesNo
Supplemental,Derivatives & Collateral,S.DC,S.DC.4,Derivative Settlement Payments Received,OK,Internal,enum,False,YesNo
Supplemental,Derivatives & Collateral,S.DC,S.DC.4,Derivative Settlement Payments Received,OK,InternalCounterparty,string,False,
Supplemental,Derivatives & Collateral,S.DC,S.DC.4,Derivative Settlement Payments Received,OK,BusinessLine,string,False,
Supplemental,Derivatives & Collateral,S.DC,S.DC.5,Initial Margin Posted - House,OK,ReportingEntity,string,True,
Supplemental,Derivatives & Collateral,S.DC,S.DC.5,Initial Margin Posted - House,OK,Currency,enum,True,Currency
Supplemental,Derivatives & Collateral,S.DC,S.DC.5,Initial Margin Posted - House,OK,Converted,enum,True,YesNo
Supplemental,Derivatives & Collateral,S.DC,S.DC.5,Initial Margin Posted - House,OK,Product,string,True,
Supplemental,Derivatives & Collateral,S.DC,S.DC.5,Initial Margin Posted - House,OK,SubProduct,string,False,
Supplemental,Derivatives & Collateral,S.DC,S.DC.5,Initial Margin Posted - House,OK,SubProduct2,string,False,
Supplemental,Derivatives & Collateral,S.DC,S.DC.5,Initial Margin Posted - House,OK,MarketValue,money,False,
Supplemental,Derivatives & Collateral,S.DC,S.DC.5,Initial Margin Posted - House,OK,CollateralClass,enum,False,CollateralClass
Supplemental,Derivatives & Collateral,S.DC,S.DC.5,Initial Margin Posted - House,OK,CollateralLevel,enum,False,CollateralLevel
Supplemental,Derivatives & Collateral,S.DC,S.DC.5,Initial Margin Posted - House,OK,Counterparty,enum,False,Counterparty
Supplemental,Derivatives & Collateral,S.DC,S.DC.5,Initial Margin Posted - House,OK,GSIB,enum,False,YesNo
Supplemental,Derivatives & Collateral,S.DC,S.DC.5,Initial Margin Posted - House,OK,EffectiveMaturityBucket,enum,False,EffectiveMaturityBucket
Supplemental,Derivatives & Collateral,S.DC,S.DC.5,Initial Margin Posted - House,OK,EncumbranceType,enum,False,EncumbranceType
Supplemental,Derivatives & Collateral,S.DC,S.DC.5,Initial Margin Posted - House,OK,NettingEligible,enum,False,YesNo
Supplemental,Derivatives & Collateral,S.DC,S.DC.5,Initial Margin Posted - House,OK,TreasuryControl,enum,False,YesNo
Supplemental,Derivatives & Collateral,S.DC,S.DC.5,Initial Margin Posted - House,OK,Internal,enum,False,YesNo
Supplemental,Derivatives & Collateral,S.DC,S.DC.5,Initial Margin Posted - House,OK,InternalCounterparty,string,False,
Supplemental,Derivatives & Collateral,S.DC,S.DC.5,Initial Margin Posted - House,OK,BusinessLine,string,False,
Supplemental,Derivatives & Collateral,S.DC,S.DC.6,Initial Margin Posted - Customer,OK,ReportingEntity,string,True,
Supplemental,Derivatives & Collateral,S.DC,S.DC.6,Initial Margin Posted - Customer,OK,Currency,enum,True,Currency
Supplemental,Derivatives & Collateral,S.DC,S.DC.6,Initial Margin Posted - Customer,OK,Converted,enum,True,YesNo
Supplemental,Derivatives & Collateral,S.DC,S.DC.6,Initial Margin Posted - Customer,OK,Product,string,True,
Supplemental,Derivatives & Collateral,S.DC,S.DC.6,Initial Margin Posted - Customer,OK,SubProduct,string,False,
Supplemental,Derivatives & Collateral,S.DC,S.DC.6,Initial Margin Posted - Customer,OK,SubProduct2,string,False,
Supplemental,Derivatives & Collateral,S.DC,S.DC.6,Initial Margin Posted - Customer,OK,MarketValue,money,False,
Supplemental,Derivatives & Collateral,S.DC,S.DC.6,Initial Margin Posted - Customer,OK,CollateralClass,enum,False,CollateralClass
Supplemental,Derivatives & Collateral,S.DC,S.DC.6,Initial Margin Posted - Customer,OK,CollateralLevel,enum,False,CollateralLevel
Supplemental,Derivatives & Collateral,S.DC,S.DC.6,Initial Margin Posted - Customer,OK,Counterparty,enum,False,Counterparty
Supplemental,Derivatives & Collateral,S.DC,S.DC.6,Initial Margin Posted - Customer,OK,GSIB,enum,False,YesNo
Supplemental,Derivatives & Collateral,S.DC,S.DC.6,Initial Margin Posted - Customer,OK,EffectiveMaturityBucket,enum,False,EffectiveMaturityBucket
Supplemental,Derivatives & Collateral,S.DC,S.DC.6,Initial Margin Posted - Customer,OK,EncumbranceType,enum,False,EncumbranceType
Supplemental,Derivatives & Collateral,S.DC,S.DC.6,Initial Margin Posted - Customer,OK,NettingEligible,enum,False,YesNo
Supplemental,Derivatives & Collateral,S.DC,S.DC.6,Initial Margin Posted - Customer,OK,TreasuryControl,enum,False,YesNo
Supplemental,Derivatives & Collateral,S.DC,S.DC.6,Initial Margin Posted - Customer,OK,Internal,enum,False,YesNo
Supplemental,Derivatives & Collateral,S.DC,S.DC.6,Initial Margin Posted - Customer,OK,InternalCounterparty,string,False,
Supplemental,Derivatives & Collateral,S.DC,S.DC.6,Initial Margin Posted - Customer,OK,BusinessLine,string,False,
Supplemental,Derivatives & Collateral,S.DC,S.DC.7,Initial Margin Received,OK,ReportingEntity,string,True,
Supplemental,Derivatives & Collateral,S.DC,S.DC.7,Initial Margin Received,OK,Currency,enum,True,Currency
Supplemental,Derivatives & Collateral,S.DC,S.DC.7,Initial Margin Received,OK,Converted,enum,True,YesNo
Supplemental,Derivatives & Collateral,S.DC,S.DC.7,Initial Margin Received,OK,Product,string,True,
Supplemental,Derivatives & Collateral,S.DC,S.DC.7,Initial Margin Received,OK,SubProduct,string,False,
Supplemental,Derivatives & Collateral,S.DC,S.DC.7,Initial Margin Received,OK,SubProduct2,string,False,
Supplemental,Derivatives & Collateral,S.DC,S.DC.7,Initial Margin Received,OK,MarketValue,money,False,
Supplemental,Derivatives & Collateral,S.DC,S.DC.7,Initial Margin Received,OK,CollateralClass,enum,False,CollateralClass
Supplemental,Derivatives & Collateral,S.DC,S.DC.7,Initial Margin Received,OK,CollateralLevel,enum,False,CollateralLevel
Supplemental,Derivatives & Collateral,S.DC,S.DC.7,Initial Margin Received,OK,Counterparty,enum,False,Counterparty
Supplemental,Derivatives & Collateral,S.DC,S.DC.7,Initial Margin Received,OK,GSIB,enum,False,YesNo
Supplemental,Derivatives & Collateral,S.DC,S.DC.7,Initial Margin Received,OK,EffectiveMaturityBucket,enum,False,EffectiveMaturityBucket
Supplemental,Derivatives & Collateral,S.DC,S.DC.7,Initial Margin Received,OK,EncumbranceType,enum,False,EncumbranceType
Supplemental,Derivatives & Collateral,S.DC,S.DC.7,Initial Margin Received,OK,NettingEligible,enum,False,YesNo
Supplemental,Derivatives & Collateral,S.DC,S.DC.7,Initial Margin Received,OK,TreasuryControl,enum,False,YesNo
Supplemental,Derivatives & Collateral,S.DC,S.DC.7,Initial Margin Received,OK,Internal,enum,False,YesNo
Supplemental,Derivatives & Collateral,S.DC,S.DC.7,Initial Margin Received,OK,InternalCounterparty,string,False,
Supplemental,Derivatives & Collateral,S.DC,S.DC.7,Initial Margin Received,OK,BusinessLine,string,False,
Supplemental,Derivatives & Collateral,S.DC,S.DC.8,Variation Margin Posted - House,OK,ReportingEntity,string,True,
Supplemental,Derivatives & Collateral,S.DC,S.DC.8,Variation Margin Posted - House,OK,Currency,enum,True,Currency
Supplemental,Derivatives & Collateral,S.DC,S.DC.8,Variation Margin Posted - House,OK,Converted,enum,True,YesNo
Supplemental,Derivatives & Collateral,S.DC,S.DC.8,Variation Margin Posted - House,OK,Product,string,True,
Supplemental,Derivatives & Collateral,S.DC,S.DC.8,Variation Margin Posted - House,OK,SubProduct,string,False,
Supplemental,Derivatives & Collateral,S.DC,S.DC.8,Variation Margin Posted - House,OK,SubProduct2,string,False,
Supplemental,Derivatives & Collateral,S.DC,S.DC.8,Variation Margin Posted - House,OK,MarketValue,money,False,
Supplemental,Derivatives & Collateral,S.DC,S.DC.8,Variation Margin Posted - House,OK,CollateralClass,enum,False,CollateralClass
Supplemental,Derivatives & Collateral,S.DC,S.DC.8,Variation Margin Posted - House,OK,CollateralLevel,enum,False,CollateralLevel
Supplemental,Derivatives & Collateral,S.DC,S.DC.8,Variation Margin Posted - House,OK,Counterparty,enum,False,Counterparty
Supplemental,Derivatives & Collateral,S.DC,S.DC.8,Variation Margin Posted - House,OK,GSIB,enum,False,YesNo
Supplemental,Derivatives & Collateral,S.DC,S.DC.8,Variation Margin Posted - House,OK,EffectiveMaturityBucket,enum,False,EffectiveMaturityBucket
Supplemental,Derivatives & Collateral,S.DC,S.DC.8,Variation Margin Posted - House,OK,EncumbranceType,enum,False,EncumbranceType
Supplemental,Derivatives & Collateral,S.DC,S.DC.8,Variation Margin Posted - House,OK,NettingEligible,enum,False,YesNo
Supplemental,Derivatives & Collateral,S.DC,S.DC.8,Variation Margin Posted - House,OK,TreasuryControl,enum,False,YesNo
Supplemental,Derivatives & Collateral,S.DC,S.DC.8,Variation Margin Posted - House,OK,Internal,enum,False,YesNo
Supplemental,Derivatives & Collateral,S.DC,S.DC.8,Variation Margin Posted - House,OK,InternalCounterparty,string,False,
Supplemental,Derivatives & Collateral,S.DC,S.DC.8,Variation Margin Posted - House,OK,BusinessLine,string,False,
Supplemental,Derivatives & Collateral,S.DC,S.DC.9,Variation Margin Posted - Customer,OK,ReportingEntity,string,True,
Supplemental,Derivatives & Collateral,S.DC,S.DC.9,Variation Margin Posted - Customer,OK,Currency,enum,True,Currency
Supplemental,Derivatives & Collateral,S.DC,S.DC.9,Variation Margin Posted - Customer,OK,Converted,enum,True,YesNo
Supplemental,Derivatives & Collateral,S.DC,S.DC.9,Variation Margin Posted - Customer,OK,Product,string,True,
Supplemental,Derivatives & Collateral,S.DC,S.DC.9,Variation Margin Posted - Customer,OK,SubProduct,string,False,
Supplemental,Derivatives & Collateral,S.DC,S.DC.9,Variation Margin Posted - Customer,OK,SubProduct2,string,False,
Supplemental,Derivatives & Collateral,S.DC,S.DC.9,Variation Margin Posted - Customer,OK,MarketValue,money,False,
Supplemental,Derivatives & Collateral,S.DC,S.DC.9,Variation Margin Posted - Customer,OK,CollateralClass,enum,False,CollateralClass
Supplemental,Derivatives & Collateral,S.DC,S.DC.9,Variation Margin Posted - Customer,OK,CollateralLevel,enum,False,CollateralLevel
Supplemental,Derivatives & Collateral,S.DC,S.DC.9,Variation Margin Posted - Customer,OK,Counterparty,enum,False,Counterparty
Supplemental,Derivatives & Collateral,S.DC,S.DC.9,Variation Margin Posted - Customer,OK,GSIB,enum,False,YesNo
Supplemental,Derivatives & Collateral,S.DC,S.DC.9,Variation Margin Posted - Customer,OK,EffectiveMaturityBucket,enum,False,EffectiveMaturityBucket
Supplemental,Derivatives & Collateral,S.DC,S.DC.9,Variation Margin Posted - Customer,OK,EncumbranceType,enum,False,EncumbranceType
Supplemental,Derivatives & Collateral,S.DC,S.DC.9,Variation Margin Posted - Customer,OK,NettingEligible,enum,False,YesNo
Supplemental,Derivatives & Collateral,S.DC,S.DC.9,Variation Margin Posted - Customer,OK,TreasuryControl,enum,False,YesNo
Supplemental,Derivatives & Collateral,S.DC,S.DC.9,Variation Margin Posted - Customer,OK,Internal,enum,False,YesNo
Supplemental,Derivatives & Collateral,S.DC,S.DC.9,Variation Margin Posted - Customer,OK,InternalCounterparty,string,False,
Supplemental,Derivatives & Collateral,S.DC,S.DC.9,Variation Margin Posted - Customer,OK,BusinessLine,string,False,
Supplemental,Derivatives & Collateral,S.DC,S.DC.10,Variation Margin Received,OK,ReportingEntity,string,True,
Supplemental,Derivatives & Collateral,S.DC,S.DC.10,Variation Margin Received,OK,Currency,enum,True,Currency
Supplemental,Derivatives & Collateral,S.DC,S.DC.10,Variation Margin Received,OK,Converted,enum,True,YesNo
Supplemental,Derivatives & Collateral,S.DC,S.DC.10,Variation Margin Received,OK,Product,string,True,
Supplemental,Derivatives & Collateral,S.DC,S.DC.10,Variation Margin Received,OK,SubProduct,string,False,
Supplemental,Derivatives & Collateral,S.DC,S.DC.10,Variation Margin Received,OK,SubProduct2,string,False,
Supplemental,Derivatives & Collateral,S.DC,S.DC.10,Variation Margin Received,OK,MarketValue,money,False,
Supplemental,Derivatives & Collateral,S.DC,S.DC.10,Variation Margin Received,OK,CollateralClass,enum,False,CollateralClass
Supplemental,Derivatives & Collateral,S.DC,S.DC.10,Variation Margin Received,OK,CollateralLevel,enum,False,CollateralLevel
Supplemental,Derivatives & Collateral,S.DC,S.DC.10,Variation Margin Received,OK,Counterparty,enum,False,Counterparty
Supplemental,Derivatives & Collateral,S.DC,S.DC.10,Variation Margin Received,OK,GSIB,enum,False,YesNo
Supplemental,Derivatives & Collateral,S.DC,S.DC.10,Variation Margin Received,OK,EffectiveMaturityBucket,enum,False,EffectiveMaturityBucket
Supplemental,Derivatives & Collateral,S.DC,S.DC.10,Variation Margin Received,OK,EncumbranceType,enum,False,EncumbranceType
Supplemental,Derivatives & Collateral,S.DC,S.DC.10,Variation Margin Received,OK,NettingEligible,enum,False,YesNo
Supplemental,Derivatives & Collateral,S.DC,S.DC.10,Variation Margin Received,OK,TreasuryControl,enum,False,YesNo
Supplemental,Derivatives & Collateral,S.DC,S.DC.10,Variation Margin Received,OK,Internal,enum,False,YesNo
Supplemental,Derivatives & Collateral,S.DC,S.DC.10,Variation Margin Received,OK,InternalCounterparty,string,False,
Supplemental,Derivatives & Collateral,S.DC,S.DC.10,Variation Margin Received,OK,BusinessLine,string,False,
Supplemental,Derivatives & Collateral,S.DC,S.DC.11,Derivative CCP Default Fund Contribution,OK,ReportingEntity,string,True,
Supplemental,Derivatives & Collateral,S.DC,S.DC.11,Derivative CCP Default Fund Contribution,OK,Currency,enum,True,Currency
Supplemental,Derivatives & Collateral,S.DC,S.DC.11,Derivative CCP Default Fund Contribution,OK,Converted,enum,True,YesNo
Supplemental,Derivatives & Collateral,S.DC,S.DC.11,Derivative CCP Default Fund Contribution,OK,Product,string,True,
Supplemental,Derivatives & Collateral,S.DC,S.DC.11,Derivative CCP Default Fund Contribution,OK,SubProduct,string,False,
Supplemental,Derivatives & Collateral,S.DC,S.DC.11,Derivative CCP Default Fund Contribution,OK,SubProduct2,string,False,
Supplemental,Derivatives & Collateral,S.DC,S.DC.11,Derivative CCP Default Fund Contribution,OK,MarketValue,money,False,
Supplemental,Derivatives & Collateral,S.DC,S.DC.11,Derivative CCP Default Fund Contribution,OK,CollateralClass,enum,False,CollateralClass
Supplemental,Derivatives & Collateral,S.DC,S.DC.11,Derivative CCP Default Fund Contribution,OK,CollateralLevel,enum,False,CollateralLevel
Supplemental,Derivatives & Collateral,S.DC,S.DC.11,Derivative CCP Default Fund Contribution,OK,Counterparty,enum,False,Counterparty
Supplemental,Derivatives & Collateral,S.DC,S.DC.11,Derivative CCP Default Fund Contribution,OK,GSIB,enum,False,YesNo
Supplemental,Derivatives & Collateral,S.DC,S.DC.11,Derivative CCP Default Fund Contribution,OK,EffectiveMaturityBucket,enum,False,EffectiveMaturityBucket
Supplemental,Derivatives & Collateral,S.DC,S.DC.11,Derivative CCP Default Fund Contribution,OK,EncumbranceType,enum,False,EncumbranceType
Supplemental,Derivatives & Collateral,S.DC,S.DC.11,Derivative CCP Default Fund Contribution,OK,NettingEligible,enum,False,YesNo
Supplemental,Derivatives & Collateral,S.DC,S.DC.11,Derivative CCP Default Fund Contribution,OK,TreasuryControl,enum,False,YesNo
Supplemental,Derivatives & Collateral,S.DC,S.DC.11,Derivative CCP Default Fund Contribution,OK,Internal,enum,False,YesNo
Supplemental,Derivatives & Collateral,S.DC,S.DC.11,Derivative CCP Default Fund Contribution,OK,InternalCounterparty,string,False,
Supplemental,Derivatives & Collateral,S.DC,S.DC.11,Derivative CCP Default Fund Contribution,OK,BusinessLine,string,False,
Supplemental,Derivatives & Collateral,S.DC,S.DC.12,Other CCP Pledges and Contributions,OK,ReportingEntity,string,True,
Supplemental,Derivatives & Collateral,S.DC,S.DC.12,Other CCP Pledges and Contributions,OK,Currency,enum,True,Currency
Supplemental,Derivatives & Collateral,S.DC,S.DC.12,Other CCP Pledges and Contributions,OK,Converted,enum,True,YesNo
Supplemental,Derivatives & Collateral,S.DC,S.DC.12,Other CCP Pledges and Contributions,OK,Product,string,True,
Supplemental,Derivatives & Collateral,S.DC,S.DC.12,Other CCP Pledges and Contributions,OK,SubProduct,string,False,
Supplemental,Derivatives & Collateral,S.DC,S.DC.12,Other CCP Pledges and Contributions,OK,SubProduct2,string,False,
Supplemental,Derivatives & Collateral,S.DC,S.DC.12,Other CCP Pledges and Contributions,OK,MarketValue,money,False,
Supplemental,Derivatives & Collateral,S.DC,S.DC.12,Other CCP Pledges and Contributions,OK,CollateralClass,enum,False,CollateralClass
Supplemental,Derivatives & Collateral,S.DC,S.DC.12,Other CCP Pledges and Contributions,OK,CollateralLevel,enum,False,CollateralLevel
Supplemental,Derivatives & Collateral,S.DC,S.DC.12,Other CCP Pledges and Contributions,OK,Counterparty,enum,False,Counterparty
Supplemental,Derivatives & Collateral,S.DC,S.DC.12,Other CCP Pledges and Contributions,OK,GSIB,enum,False,YesNo
Supplemental,Derivatives & Collateral,S.DC,S.DC.12,Other CCP Pledges and Contributions,OK,EffectiveMaturityBucket,enum,False,EffectiveMaturityBucket
Supplemental,Derivatives & Collateral,S.DC,S.DC.12,Other CCP Pledges and Contributions,OK,EncumbranceType,enum,False,EncumbranceType
Supplemental,Derivatives & Collateral,S.DC,S.DC.12,Other CCP Pledges and Contributions,OK,NettingEligible,enum,False,YesNo
Supplemental,Derivatives & Collateral,S.DC,S.DC.12,Other CCP Pledges and Contributions,OK,TreasuryControl,enum,False,YesNo
Supplemental,Derivatives & Collateral,S.DC,S.DC.12,Other CCP Pledges and Contributions,OK,Internal,enum,False,YesNo
Supplemental,Derivatives & Collateral,S.DC,S.DC.12,Other CCP Pledges and Contributions,OK,InternalCounterparty,string,False,
Supplemental,Derivatives & Collateral,S.DC,S.DC.12,Other CCP Pledges and Contributions,OK,BusinessLine,string,False,
Supplemental,Derivatives & Collateral,S.DC,S.DC.13,Collateral Disputes Deliverables,OK,ReportingEntity,string,True,
Supplemental,Derivatives & Collateral,S.DC,S.DC.13,Collateral Disputes Deliverables,OK,Currency,enum,True,Currency
Supplemental,Derivatives & Collateral,S.DC,S.DC.13,Collateral Disputes Deliverables,OK,Converted,enum,True,YesNo
Supplemental,Derivatives & Collateral,S.DC,S.DC.13,Collateral Disputes Deliverables,OK,Product,string,True,
Supplemental,Derivatives & Collateral,S.DC,S.DC.13,Collateral Disputes Deliverables,OK,SubProduct,string,False,
Supplemental,Derivatives & Collateral,S.DC,S.DC.13,Collateral Disputes Deliverables,OK,SubProduct2,string,False,
Supplemental,Derivatives & Collateral,S.DC,S.DC.13,Collateral Disputes Deliverables,OK,MarketValue,money,False,
Supplemental,Derivatives & Collateral,S.DC,S.DC.13,Collateral Disputes Deliverables,OK,CollateralClass,enum,False,CollateralClass
Supplemental,Derivatives & Collateral,S.DC,S.DC.13,Collateral Disputes Deliverables,OK,CollateralLevel,enum,False,CollateralLevel
Supplemental,Derivatives & Collateral,S.DC,S.DC.13,Collateral Disputes Deliverables,OK,Counterparty,enum,False,Counterparty
Supplemental,Derivatives & Collateral,S.DC,S.DC.13,Collateral Disputes Deliverables,OK,GSIB,enum,False,YesNo
Supplemental,Derivatives & Collateral,S.DC,S.DC.13,Collateral Disputes Deliverables,OK,EffectiveMaturityBucket,enum,False,EffectiveMaturityBucket
Supplemental,Derivatives & Collateral,S.DC,S.DC.13,Collateral Disputes Deliverables,OK,EncumbranceType,enum,False,EncumbranceType
Supplemental,Derivatives & Collateral,S.DC,S.DC.13,Collateral Disputes Deliverables,OK,NettingEligible,enum,False,YesNo
Supplemental,Derivatives & Collateral,S.DC,S.DC.13,Collateral Disputes Deliverables,OK,TreasuryControl,enum,False,YesNo
Supplemental,Derivatives & Collateral,S.DC,S.DC.13,Collateral Disputes Deliverables,OK,Internal,enum,False,YesNo
Supplemental,Derivatives & Collateral,S.DC,S.DC.13,Collateral Disputes Deliverables,OK,InternalCounterparty,string,False,
Supplemental,Derivatives & Collateral,S.DC,S.DC.13,Collateral Disputes Deliverables,OK,BusinessLine,string,False,
Supplemental,Derivatives & Collateral,S.DC,S.DC.14,Collateral Disputes Receivables,OK,ReportingEntity,string,True,
Supplemental,Derivatives & Collateral,S.DC,S.DC.14,Collateral Disputes Receivables,OK,Currency,enum,True,Currency
Supplemental,Derivatives & Collateral,S.DC,S.DC.14,Collateral Disputes Receivables,OK,Converted,enum,True,YesNo
Supplemental,Derivatives & Collateral,S.DC,S.DC.14,Collateral Disputes Receivables,OK,Product,string,True,
Supplemental,Derivatives & Collateral,S.DC,S.DC.14,Collateral Disputes Receivables,OK,SubProduct,string,False,
Supplemental,Derivatives & Collateral,S.DC,S.DC.14,Collateral Disputes Receivables,OK,SubProduct2,string,False,
Supplemental,Derivatives & Collateral,S.DC,S.DC.14,Collateral Disputes Receivables,OK,MarketValue,money,False,
Supplemental,Derivatives & Collateral,S.DC,S.DC.14,Collateral Disputes Receivables,OK,CollateralClass,enum,False,CollateralClass
Supplemental,Derivatives & Collateral,S.DC,S.DC.14,Collateral Disputes Receivables,OK,CollateralLevel,enum,False,CollateralLevel
Supplemental,Derivatives & Collateral,S.DC,S.DC.14,Collateral Disputes Receivables,OK,Counterparty,enum,False,Counterparty
Supplemental,Derivatives & Collateral,S.DC,S.DC.14,Collateral Disputes Receivables,OK,GSIB,enum,False,YesNo
Supplemental,Derivatives & Collateral,S.DC,S.DC.14,Collateral Disputes Receivables,OK,EffectiveMaturityBucket,enum,False,EffectiveMaturityBucket
Supplemental,Derivatives & Collateral,S.DC,S.DC.14,Collateral Disputes Receivables,OK,EncumbranceType,enum,False,EncumbranceType
Supplemental,Derivatives & Collateral,S.DC,S.DC.14,Collateral Disputes Receivables,OK,NettingEligible,enum,False,YesNo
Supplemental,Derivatives & Collateral,S.DC,S.DC.14,Collateral Disputes Receivables,OK,TreasuryControl,enum,False,YesNo
Supplemental,Derivatives & Collateral,S.DC,S.DC.14,Collateral Disputes Receivables,OK,Internal,enum,False,YesNo
Supplemental,Derivatives & Collateral,S.DC,S.DC.14,Collateral Disputes Receivables,OK,InternalCounterparty,string,False,
Supplemental,Derivatives & Collateral,S.DC,S.DC.14,Collateral Disputes Receivables,OK,BusinessLine,string,False,
Supplemental,Derivatives & Collateral,S.DC,S.DC.15,Sleeper Collateral Deliverables,OK,ReportingEntity,string,True,
Supplemental,Derivatives & Collateral,S.DC,S.DC.15,Sleeper Collateral Deliverables,OK,Currency,enum,True,Currency
Supplemental,Derivatives & Collateral,S.DC,S.DC.15,Sleeper Collateral Deliverables,OK,Converted,enum,True,YesNo
Supplemental,Derivatives & Collateral,S.DC,S.DC.15,Sleeper Collateral Deliverables,OK,Product,string,True,
Supplemental,Derivatives & Collateral,S.DC,S.DC.15,Sleeper Collateral Deliverables,OK,SubProduct,string,False,
Supplemental,Derivatives & Collateral,S.DC,S.DC.15,Sleeper Collateral Deliverables,OK,SubProduct2,string,False,
Supplemental,Derivatives & Collateral,S.DC,S.DC.15,Sleeper Collateral Deliverables,OK,MarketValue,money,False,
Supplemental,Derivatives & Collateral,S.DC,S.DC.15,Sleeper Collateral Deliverables,OK,CollateralClass,enum,False,CollateralClass
Supplemental,Derivatives & Collateral,S.DC,S.DC.15,Sleeper Collateral Deliverables,OK,CollateralLevel,enum,False,CollateralLevel
Supplemental,Derivatives & Collateral,S.DC,S.DC.15,Sleeper Collateral Deliverables,OK,Counterparty,enum,False,Counterparty
Supplemental,Derivatives & Collateral,S.DC,S.DC.15,Sleeper Collateral Deliverables,OK,GSIB,enum,False,YesNo
Supplemental,Derivatives & Collateral,S.DC,S.DC.15,Sleeper Collateral Deliverables,OK,EffectiveMaturityBucket,enum,False,EffectiveMaturityBucket
Supplemental,Derivatives & Collateral,S.DC,S.DC.15,Sleeper Collateral Deliverables,OK,EncumbranceType,enum,False,EncumbranceType
Supplemental,Derivatives & Collateral,S.DC,S.DC.15,Sleeper Collateral Deliverables,OK,NettingEligible,enum,False,YesNo
Supplemental,Derivatives & Collateral,S.DC,S.DC.15,Sleeper Collateral Deliverables,OK,TreasuryControl,enum,False,YesNo
Supplemental,Derivatives & Collateral,S.DC,S.DC.15,Sleeper Collateral Deliverables,OK,Internal,enum,False,YesNo
Supplemental,Derivatives & Collateral,S.DC,S.DC.15,Sleeper Collateral Deliverables,OK,InternalCounterparty,string,False,
Supplemental,Derivatives & Collateral,S.DC,S.DC.15,Sleeper Collateral Deliverables,OK,BusinessLine,string,False,
Supplemental,Derivatives & Collateral,S.DC,S.DC.16,Required Collateral Deliverables,OK,ReportingEntity,string,True,
Supplemental,Derivatives & Collateral,S.DC,S.DC.16,Required Collateral Deliverables,OK,Currency,enum,True,Currency
Supplemental,Derivatives & Collateral,S.DC,S.DC.16,Required Collateral Deliverables,OK,Converted,enum,True,YesNo
Supplemental,Derivatives & Collateral,S.DC,S.DC.16,Required Collateral Deliverables,OK,Product,string,True,
Supplemental,Derivatives & Collateral,S.DC,S.DC.16,Required Collateral Deliverables,OK,SubProduct,string,False,
Supplemental,Derivatives & Collateral,S.DC,S.DC.16,Required Collateral Deliverables,OK,SubProduct2,string,False,
Supplemental,Derivatives & Collateral,S.DC,S.DC.16,Required Collateral Deliverables,OK,MarketValue,money,False,
Supplemental,Derivatives & Collateral,S.DC,S.DC.16,Required Collateral Deliverables,OK,CollateralClass,enum,False,CollateralClass
Supplemental,Derivatives & Collateral,S.DC,S.DC.16,Required Collateral Deliverables,OK,CollateralLevel,enum,False,CollateralLevel
Supplemental,Derivatives & Collateral,S.DC,S.DC.16,Required Collateral Deliverables,OK,Counterparty,enum,False,Counterparty
Supplemental,Derivatives & Collateral,S.DC,S.DC.16,Required Collateral Deliverables,OK,GSIB,enum,False,YesNo
Supplemental,Derivatives & Collateral,S.DC,S.DC.16,Required Collateral Deliverables,OK,EffectiveMaturityBucket,enum,False,EffectiveMaturityBucket
Supplemental,Derivatives & Collateral,S.DC,S.DC.16,Required Collateral Deliverables,OK,EncumbranceType,enum,False,EncumbranceType
Supplemental,Derivatives & Collateral,S.DC,S.DC.16,Required Collateral Deliverables,OK,NettingEligible,enum,False,YesNo
Supplemental,Derivatives & Collateral,S.DC,S.DC.16,Required Collateral Deliverables,OK,TreasuryControl,enum,False,YesNo
Supplemental,Derivatives & Collateral,S.DC,S.DC.16,Required Collateral Deliverables,OK,Internal,enum,False,YesNo
Supplemental,Derivatives & Collateral,S.DC,S.DC.16,Required Collateral Deliverables,OK,InternalCounterparty,string,False,
Supplemental,Derivatives & Collateral,S.DC,S.DC.16,Required Collateral Deliverables,OK,BusinessLine,string,False,
Supplemental,Derivatives & Collateral,S.DC,S.DC.17,Sleeper Collateral Receivables,OK,ReportingEntity,string,True,
Supplemental,Derivatives & Collateral,S.DC,S.DC.17,Sleeper Collateral Receivables,OK,Currency,enum,True,Currency
Supplemental,Derivatives & Collateral,S.DC,S.DC.17,Sleeper Collateral Receivables,OK,Converted,enum,True,YesNo
Supplemental,Derivatives & Collateral,S.DC,S.DC.17,Sleeper Collateral Receivables,OK,Product,string,True,
Supplemental,Derivatives & Collateral,S.DC,S.DC.17,Sleeper Collateral Receivables,OK,SubProduct,string,False,
Supplemental,Derivatives & Collateral,S.DC,S.DC.17,Sleeper Collateral Receivables,OK,SubProduct2,string,False,
Supplemental,Derivatives & Collateral,S.DC,S.DC.17,Sleeper Collateral Receivables,OK,MarketValue,money,False,
Supplemental,Derivatives & Collateral,S.DC,S.DC.17,Sleeper Collateral Receivables,OK,CollateralClass,enum,False,CollateralClass
Supplemental,Derivatives & Collateral,S.DC,S.DC.17,Sleeper Collateral Receivables,OK,CollateralLevel,enum,False,CollateralLevel
Supplemental,Derivatives & Collateral,S.DC,S.DC.17,Sleeper Collateral Receivables,OK,Counterparty,enum,False,Counterparty
Supplemental,Derivatives & Collateral,S.DC,S.DC.17,Sleeper Collateral Receivables,OK,GSIB,enum,False,YesNo
Supplemental,Derivatives & Collateral,S.DC,S.DC.17,Sleeper Collateral Receivables,OK,EffectiveMaturityBucket,enum,False,EffectiveMaturityBucket
Supplemental,Derivatives & Collateral,S.DC,S.DC.17,Sleeper Collateral Receivables,OK,EncumbranceType,enum,False,EncumbranceType
Supplemental,Derivatives & Collateral,S.DC,S.DC.17,Sleeper Collateral Receivables,OK,NettingEligible,enum,False,YesNo
Supplemental,Derivatives & Collateral,S.DC,S.DC.17,Sleeper Collateral Receivables,OK,TreasuryControl,enum,False,YesNo
Supplemental,Derivatives & Collateral,S.DC,S.DC.17,Sleeper Collateral Receivables,OK,Internal,enum,False,YesNo
Supplemental,Derivatives & Collateral,S.DC,S.DC.17,Sleeper Collateral Receivables,OK,InternalCounterparty,string,False,
Supplemental,Derivatives & Collateral,S.DC,S.DC.17,Sleeper Collateral Receivables,OK,BusinessLine,string,False,
Supplemental,Derivatives & Collateral,S.DC,S.DC.18,Derivative Collateral Substitution Risk,OK,ReportingEntity,string,True,
Supplemental,Derivatives & Collateral,S.DC,S.DC.18,Derivative Collateral Substitution Risk,OK,Currency,enum,True,Currency
Supplemental,Derivatives & Collateral,S.DC,S.DC.18,Derivative Collateral Substitution Risk,OK,Converted,enum,True,YesNo
Supplemental,Derivatives & Collateral,S.DC,S.DC.18,Derivative Collateral Substitution Risk,OK,Product,string,True,
Supplemental,Derivatives & Collateral,S.DC,S.DC.18,Derivative Collateral Substitution Risk,OK,SubProduct,string,False,
Supplemental,Derivatives & Collateral,S.DC,S.DC.18,Derivative Collateral Substitution Risk,OK,SubProduct2,string,False,
Supplemental,Derivatives & Collateral,S.DC,S.DC.18,Derivative Collateral Substitution Risk,OK,MarketValue,money,False,
Supplemental,Derivatives & Collateral,S.DC,S.DC.18,Derivative Collateral Substitution Risk,OK,CollateralClass,enum,False,CollateralClass
Supplemental,Derivatives & Collateral,S.DC,S.DC.18,Derivative Collateral Substitution Risk,OK,CollateralLevel,enum,False,CollateralLevel
Supplemental,Derivatives & Collateral,S.DC,S.DC.18,Derivative Collateral Substitution Risk,OK,Counterparty,enum,False,Counterparty
Supplemental,Derivatives & Collateral,S.DC,S.DC.18,Derivative Collateral Substitution Risk,OK,GSIB,enum,False,YesNo
Supplemental,Derivatives & Collateral,S.DC,S.DC.18,Derivative Collateral Substitution Risk,OK,EffectiveMaturityBucket,enum,False,EffectiveMaturityBucket
Supplemental,Derivatives & Collateral,S.DC,S.DC.18,Derivative Collateral Substitution Risk,OK,EncumbranceType,enum,False,EncumbranceType
Supplemental,Derivatives & Collateral,S.DC,S.DC.18,Derivative Collateral Substitution Risk,OK,NettingEligible,enum,False,YesNo
Supplemental,Derivatives & Collateral,S.DC,S.DC.18,Derivative Collateral Substitution Risk,OK,TreasuryControl,enum,False,YesNo
Supplemental,Derivatives & Collateral,S.DC,S.DC.18,Derivative Collateral Substitution Risk,OK,Internal,enum,False,YesNo
Supplemental,Derivatives & Collateral,S.DC,S.DC.18,Derivative Collateral Substitution Risk,OK,InternalCounterparty,string,False,
Supplemental,Derivatives & Collateral,S.DC,S.DC.18,Derivative Collateral Substitution Risk,OK,BusinessLine,string,False,
Supplemental,Derivatives & Collateral,S.DC,S.DC.19,Derivative Collateral Substitution Capacity,OK,ReportingEntity,string,True,
Supplemental,Derivatives & Collateral,S.DC,S.DC.19,Derivative Collateral Substitution Capacity,OK,Currency,enum,True,Currency
Supplemental,Derivatives & Collateral,S.DC,S.DC.19,Derivative Collateral Substitution Capacity,OK,Converted,enum,True,YesNo
Supplemental,Derivatives & Collateral,S.DC,S.DC.19,Derivative Collateral Substitution Capacity,OK,Product,string,True,
Supplemental,Derivatives & Collateral,S.DC,S.DC.19,Derivative Collateral Substitution Capacity,OK,SubProduct,string,False,
Supplemental,Derivatives & Collateral,S.DC,S.DC.19,Derivative Collateral Substitution Capacity,OK,SubProduct2,string,False,
Supplemental,Derivatives & Collateral,S.DC,S.DC.19,Derivative Collateral Substitution Capacity,OK,MarketValue,money,False,
Supplemental,Derivatives & Collateral,S.DC,S.DC.19,Derivative Collateral Substitution Capacity,OK,CollateralClass,enum,False,CollateralClass
Supplemental,Derivatives & Collateral,S.DC,S.DC.19,Derivative Collateral Substitution Capacity,OK,CollateralLevel,enum,False,CollateralLevel
Supplemental,Derivatives & Collateral,S.DC,S.DC.19,Derivative Collateral Substitution Capacity,OK,Counterparty,enum,False,Counterparty
Supplemental,Derivatives & Collateral,S.DC,S.DC.19,Derivative Collateral Substitution Capacity,OK,GSIB,enum,False,YesNo
Supplemental,Derivatives & Collateral,S.DC,S.DC.19,Derivative Collateral Substitution Capacity,OK,EffectiveMaturityBucket,enum,False,EffectiveMaturityBucket
Supplemental,Derivatives & Collateral,S.DC,S.DC.19,Derivative Collateral Substitution Capacity,OK,EncumbranceType,enum,False,EncumbranceType
Supplemental,Derivatives & Collateral,S.DC,S.DC.19,Derivative Collateral Substitution Capacity,OK,NettingEligible,enum,False,YesNo
Supplemental,Derivatives & Collateral,S.DC,S.DC.19,Derivative Collateral Substitution Capacity,OK,TreasuryControl,enum,False,YesNo
Supplemental,Derivatives & Collateral,S.DC,S.DC.19,Derivative Collateral Substitution Capacity,OK,Internal,enum,False,YesNo
Supplemental,Derivatives & Collateral,S.DC,S.DC.19,Derivative Collateral Substitution Capacity,OK,InternalCounterparty,string,False,
Supplemental,Derivatives & Collateral,S.DC,S.DC.19,Derivative Collateral Substitution Capacity,OK,BusinessLine,string,False,
Supplemental,Derivatives & Collateral,S.DC,S.DC.20,Other Collateral Substitution Risk,OK,ReportingEntity,string,True,
Supplemental,Derivatives & Collateral,S.DC,S.DC.20,Other Collateral Substitution Risk,OK,Currency,enum,True,Currency
Supplemental,Derivatives & Collateral,S.DC,S.DC.20,Other Collateral Substitution Risk,OK,Converted,enum,True,YesNo
Supplemental,Derivatives & Collateral,S.DC,S.DC.20,Other Collateral Substitution Risk,OK,Product,string,True,
Supplemental,Derivatives & Collateral,S.DC,S.DC.20,Other Collateral Substitution Risk,OK,SubProduct,string,False,
Supplemental,Derivatives & Collateral,S.DC,S.DC.20,Other Collateral Substitution Risk,OK,SubProduct2,string,False,
Supplemental,Derivatives & Collateral,S.DC,S.DC.20,Other Collateral Substitution Risk,OK,MarketValue,money,False,
Supplemental,Derivatives & Collateral,S.DC,S.DC.20,Other Collateral Substitution Risk,OK,CollateralClass,enum,False,CollateralClass
Supplemental,Derivatives & Collateral,S.DC,S.DC.20,Other Collateral Substitution Risk,OK,CollateralLevel,enum,False,CollateralLevel
Supplemental,Derivatives & Collateral,S.DC,S.DC.20,Other Collateral Substitution Risk,OK,Counterparty,enum,False,Counterparty
Supplemental,Derivatives & Collateral,S.DC,S.DC.20,Other Collateral Substitution Risk,OK,GSIB,enum,False,YesNo
Supplemental,Derivatives & Collateral,S.DC,S.DC.20,Other Collateral Substitution Risk,OK,EffectiveMaturityBucket,enum,False,EffectiveMaturityBucket
Supplemental,Derivatives & Collateral,S.DC,S.DC.20,Other Collateral Substitution Risk,OK,EncumbranceType,enum,False,EncumbranceType
Supplemental,Derivatives & Collateral,S.DC,S.DC.20,Other Collateral Substitution Risk,OK,NettingEligible,enum,False,YesNo
Supplemental,Derivatives & Collateral,S.DC,S.DC.20,Other Collateral Substitution Risk,OK,TreasuryControl,enum,False,YesNo
Supplemental,Derivatives & Collateral,S.DC,S.DC.20,Other Collateral Substitution Risk,OK,Internal,enum,False,YesNo
Supplemental,Derivatives & Collateral,S.DC,S.DC.20,Other Collateral Substitution Risk,OK,InternalCounterparty,string,False,
Supplemental,Derivatives & Collateral,S.DC,S.DC.20,Other Collateral Substitution Risk,OK,BusinessLine,string,False,
Supplemental,Derivatives & Collateral,S.DC,S.DC.21,Other Collateral Substitution Capacity,OK,ReportingEntity,string,True,
Supplemental,Derivatives & Collateral,S.DC,S.DC.21,Other Collateral Substitution Capacity,OK,Currency,enum,True,Currency
Supplemental,Derivatives & Collateral,S.DC,S.DC.21,Other Collateral Substitution Capacity,OK,Converted,enum,True,YesNo
Supplemental,Derivatives & Collateral,S.DC,S.DC.21,Other Collateral Substitution Capacity,OK,Product,string,True,
Supplemental,Derivatives & Collateral,S.DC,S.DC.21,Other Collateral Substitution Capacity,OK,SubProduct,string,False,
Supplemental,Derivatives & Collateral,S.DC,S.DC.21,Other Collateral Substitution Capacity,OK,SubProduct2,string,False,
Supplemental,Derivatives & Collateral,S.DC,S.DC.21,Other Collateral Substitution Capacity,OK,MarketValue,money,False,
Supplemental,Derivatives & Collateral,S.DC,S.DC.21,Other Collateral Substitution Capacity,OK,CollateralClass,enum,False,CollateralClass
Supplemental,Derivatives & Collateral,S.DC,S.DC.21,Other Collateral Substitution Capacity,OK,CollateralLevel,enum,False,CollateralLevel
Supplemental,Derivatives & Collateral,S.DC,S.DC.21,Other Collateral Substitution Capacity,OK,Counterparty,enum,False,Counterparty
Supplemental,Derivatives & Collateral,S.DC,S.DC.21,Other Collateral Substitution Capacity,OK,GSIB,enum,False,YesNo
Supplemental,Derivatives & Collateral,S.DC,S.DC.21,Other Collateral Substitution Capacity,OK,EffectiveMaturityBucket,enum,False,EffectiveMaturityBucket
Supplemental,Derivatives & Collateral,S.DC,S.DC.21,Other Collateral Substitution Capacity,OK,EncumbranceType,enum,False,EncumbranceType
Supplemental,Derivatives & Collateral,S.DC,S.DC.21,Other Collateral Substitution Capacity,OK,NettingEligible,enum,False,YesNo
Supplemental,Derivatives & Collateral,S.DC,S.DC.21,Other Collateral Substitution Capacity,OK,TreasuryControl,enum,False,YesNo
Supplemental,Derivatives & Collateral,S.DC,S.DC.21,Other Collateral Substitution Capacity,OK,Internal,enum,False,YesNo
Supplemental,Derivatives & Collateral,S.DC,S.DC.21,Other Collateral Substitution Capacity,OK,InternalCounterparty,string,False,
Supplemental,Derivatives & Collateral,S.DC,S.DC.21,Other Collateral Substitution Capacity,OK,BusinessLine,string,False,
Supplemental,Liquidity Risk Measurement,S.L,S.L.1,Subsidiary Liquidity That Cannot Be Transferred,OK,ReportingEntity,string,True,
Supplemental,Liquidity Risk Measurement,S.L,S.L.1,Subsidiary Liquidity That Cannot Be Transferred,OK,Currency,enum,True,Currency
Supplemental,Liquidity Risk Measurement,S.L,S.L.1,Subsidiary Liquidity That Cannot Be Transferred,OK,Converted,enum,True,YesNo
Supplemental,Liquidity Risk Measurement,S.L,S.L.1,Subsidiary Liquidity That Cannot Be Transferred,OK,Product,string,True,
Supplemental,Liquidity Risk Measurement,S.L,S.L.1,Subsidiary Liquidity That Cannot Be Transferred,OK,MarketValue,money,False,
Supplemental,Liquidity Risk Measurement,S.L,S.L.1,Subsidiary Liquidity That Cannot Be Transferred,OK,CollateralClass,enum,False,CollateralClass
Supplemental,Liquidity Risk Measurement,S.L,S.L.1,Subsidiary Liquidity That Cannot Be Transferred,OK,Internal,enum,False,YesNo
Supplemental,Liquidity Risk Measurement,S.L,S.L.1,Subsidiary Liquidity That Cannot Be Transferred,OK,InternalCounterparty,string,False,
Supplemental,Liquidity Risk Measurement,S.L,S.L.2,Subsidiary Liquidity Available for Transfer,OK,ReportingEntity,string,True,
Supplemental,Liquidity Risk Measurement,S.L,S.L.2,Subsidiary Liquidity Available for Transfer,OK,Currency,enum,True,Currency
Supplemental,Liquidity Risk Measurement,S.L,S.L.2,Subsidiary Liquidity Available for Transfer,OK,Converted,enum,True,YesNo
Supplemental,Liquidity Risk Measurement,S.L,S.L.2,Subsidiary Liquidity Available for Transfer,OK,Product,string,True,
Supplemental,Liquidity Risk Measurement,S.L,S.L.2,Subsidiary Liquidity Available for Transfer,OK,MarketValue,money,False,
Supplemental,Liquidity Risk Measurement,S.L,S.L.2,Subsidiary Liquidity Available for Transfer,OK,CollateralClass,enum,False,CollateralClass
Supplemental,Liquidity Risk Measurement,S.L,S.L.2,Subsidiary Liquidity Available for Transfer,OK,Internal,enum,False,YesNo
Supplemental,Liquidity Risk Measurement,S.L,S.L.2,Subsidiary Liquidity Available for Transfer,OK,InternalCounterparty,string,False,
Supplemental,Liquidity Risk Measurement,S.L,S.L.3,Unencumbered Asset Hedges - Early Termination Outflows,OK,ReportingEntity,string,True,
Supplemental,Liquidity Risk Measurement,S.L,S.L.3,Unencumbered Asset Hedges - Early Termination Outflows,OK,Currency,enum,True,Currency
Supplemental,Liquidity Risk Measurement,S.L,S.L.3,Unencumbered Asset Hedges - Early Termination Outflows,OK,Converted,enum,True,YesNo
Supplemental,Liquidity Risk Measurement,S.L,S.L.3,Unencumbered Asset Hedges - Early Termination Outflows,OK,Product,string,True,
Supplemental,Liquidity Risk Measurement,S.L,S.L.3,Unencumbered Asset Hedges - Early Termination Outflows,OK,MarketValue,money,False,
Supplemental,Liquidity Risk Measurement,S.L,S.L.3,Unencumbered Asset Hedges - Early Termination Outflows,OK,CollateralClass,enum,False,CollateralClass
Supplemental,Liquidity Risk Measurement,S.L,S.L.3,Unencumbered Asset Hedges - Early Termination Outflows,OK,Internal,enum,False,YesNo
Supplemental,Liquidity Risk Measurement,S.L,S.L.3,Unencumbered Asset Hedges - Early Termination Outflows,OK,InternalCounterparty,string,False,
Supplemental,Liquidity Risk Measurement,S.L,S.L.4,Non-Structured Debt Maturing in Greater than 30-days - Primary Market Maker,OK,ReportingEntity,string,True,
Supplemental,Liquidity Risk Measurement,S.L,S.L.4,Non-Structured Debt Maturing in Greater than 30-days - Primary Market Maker,OK,Currency,enum,True,Currency
Supplemental,Liquidity Risk Measurement,S.L,S.L.4,Non-Structured Debt Maturing in Greater than 30-days - Primary Market Maker,OK,Converted,enum,True,YesNo
Supplemental,Liquidity Risk Measurement,S.L,S.L.4,Non-Structured Debt Maturing in Greater than 30-days - Primary Market Maker,OK,Product,string,True,
Supplemental,Liquidity Risk Measurement,S.L,S.L.4,Non-Structured Debt Maturing in Greater than 30-days - Primary Market Maker,OK,MarketValue,money,False,
Supplemental,Liquidity Risk Measurement,S.L,S.L.4,Non-Structured Debt Maturing in Greater than 30-days - Primary Market Maker,OK,CollateralClass,enum,False,CollateralClass
Supplemental,Liquidity Risk Measurement,S.L,S.L.4,Non-Structured Debt Maturing in Greater than 30-days - Primary Market Maker,OK,Internal,enum,False,YesNo
Supplemental,Liquidity Risk Measurement,S.L,S.L.4,Non-Structured Debt Maturing in Greater than 30-days - Primary Market Maker,OK,InternalCounterparty,string,False,
Supplemental,Liquidity Risk Measurement,S.L,S.L.5,Structured Debt Maturing in Greater than 30-days - Primary Market Maker,OK,ReportingEntity,string,True,
Supplemental,Liquidity Risk Measurement,S.L,S.L.5,Structured Debt Maturing in Greater than 30-days - Primary Market Maker,OK,Currency,enum,True,Currency
Supplemental,Liquidity Risk Measurement,S.L,S.L.5,Structured Debt Maturing in Greater than 30-days - Primary Market Maker,OK,Converted,enum,True,YesNo
Supplemental,Liquidity Risk Measurement,S.L,S.L.5,Structured Debt Maturing in Greater than 30-days - Primary Market Maker,OK,Product,string,True,
Supplemental,Liquidity Risk Measurement,S.L,S.L.5,Structured Debt Maturing in Greater than 30-days - Primary Market Maker,OK,MarketValue,money,False,
Supplemental,Liquidity Risk Measurement,S.L,S.L.5,Structured Debt Maturing in Greater than 30-days - Primary Market Maker,OK,CollateralClass,enum,False,CollateralClass
Supplemental,Liquidity Risk Measurement,S.L,S.L.5,Structured Debt Maturing in Greater than 30-days - Primary Market Maker,OK,Internal,enum,False,YesNo
Supplemental,Liquidity Risk Measurement,S.L,S.L.5,Structured Debt Maturing in Greater than 30-days - Primary Market Maker,OK,InternalCounterparty,string,False,
Supplemental,Liquidity Risk Measurement,S.L,S.L.6,Liquidity Coverage Ratio,OK,ReportingEntity,string,True,
Supplemental,Liquidity Risk Measurement,S.L,S.L.6,Liquidity Coverage Ratio,OK,Currency,enum,True,Currency
Supplemental,Liquidity Risk Measurement,S.L,S.L.6,Liquidity Coverage Ratio,OK,Converted,enum,True,YesNo
Supplemental,Liquidity Risk Measurement,S.L,S.L.6,Liquidity Coverage Ratio,OK,Product,string,True,
Supplemental,Liquidity Risk Measurement,S.L,S.L.6,Liquidity Coverage Ratio,OK,MarketValue,money,False,
Supplemental,Liquidity Risk Measurement,S.L,S.L.6,Liquidity Coverage Ratio,OK,CollateralClass,enum,False,CollateralClass
Supplemental,Liquidity Risk Measurement,S.L,S.L.6,Liquidity Coverage Ratio,OK,Internal,enum,False,YesNo
Supplemental,Liquidity Risk Measurement,S.L,S.L.6,Liquidity Coverage Ratio,OK,InternalCounterparty,string,False,
Supplemental,Liquidity Risk Measurement,S.L,S.L.7,Subsidiary Funding That Cannot Be Transferred,OK,ReportingEntity,string,True,
Supplemental,Liquidity Risk Measurement,S.L,S.L.7,Subsidiary Funding That Cannot Be Transferred,OK,Currency,enum,True,Currency
Supplemental,Liquidity Risk Measurement,S.L,S.L.7,Subsidiary Funding That Cannot Be Transferred,OK,Converted,enum,True,YesNo
Supplemental,Liquidity Risk Measurement,S.L,S.L.7,Subsidiary Funding That Cannot Be Transferred,OK,Product,string,True,
Supplemental,Liquidity Risk Measurement,S.L,S.L.7,Subsidiary Funding That Cannot Be Transferred,OK,MarketValue,money,False,
Supplemental,Liquidity Risk Measurement,S.L,S.L.7,Subsidiary Funding That Cannot Be Transferred,OK,CollateralClass,enum,False,CollateralClass
Supplemental,Liquidity Risk Measurement,S.L,S.L.7,Subsidiary Funding That Cannot Be Transferred,OK,Internal,enum,False,YesNo
Supplemental,Liquidity Risk Measurement,S.L,S.L.7,Subsidiary Funding That Cannot Be Transferred,OK,InternalCounterparty,string,False,
Supplemental,Liquidity Risk Measurement,S.L,S.L.8,Subsidiary Funding Available for Transfer,OK,ReportingEntity,string,True,
Supplemental,Liquidity Risk Measurement,S.L,S.L.8,Subsidiary Funding Available for Transfer,OK,Currency,enum,True,Currency
Supplemental,Liquidity Risk Measurement,S.L,S.L.8,Subsidiary Funding Available for Transfer,OK,Converted,enum,True,YesNo
Supplemental,Liquidity Risk Measurement,S.L,S.L.8,Subsidiary Funding Available for Transfer,OK,Product,string,True,
Supplemental,Liquidity Risk Measurement,S.L,S.L.8,Subsidiary Funding Available for Transfer,OK,MarketValue,money,False,
Supplemental,Liquidity Risk Measurement,S.L,S.L.8,Subsidiary Funding Available for Transfer,OK,CollateralClass,enum,False,CollateralClass
Supplemental,Liquidity Risk Measurement,S.L,S.L.8,Subsidiary Funding Available for Transfer,OK,Internal,enum,False,YesNo
Supplemental,Liquidity Risk Measurement,S.L,S.L.8,Subsidiary Funding Available for Transfer,OK,InternalCounterparty,string,False,
Supplemental,Liquidity Risk Measurement,S.L,S.L.9,Additional Funding Requirement for Off-Balance Sheet Rehypothecated Assets,OK,ReportingEntity,string,True,
Supplemental,Liquidity Risk Measurement,S.L,S.L.9,Additional Funding Requirement for Off-Balance Sheet Rehypothecated Assets,OK,Currency,enum,True,Currency
Supplemental,Liquidity Risk Measurement,S.L,S.L.9,Additional Funding Requirement for Off-Balance Sheet Rehypothecated Assets,OK,Converted,enum,True,YesNo
Supplemental,Liquidity Risk Measurement,S.L,S.L.9,Additional Funding Requirement for Off-Balance Sheet Rehypothecated Assets,OK,Product,string,True,
Supplemental,Liquidity Risk Measurement,S.L,S.L.9,Additional Funding Requirement for Off-Balance Sheet Rehypothecated Assets,OK,MarketValue,money,False,
Supplemental,Liquidity Risk Measurement,S.L,S.L.9,Additional Funding Requirement for Off-Balance Sheet Rehypothecated Assets,OK,CollateralClass,enum,False,CollateralClass
Supplemental,Liquidity Risk Measurement,S.L,S.L.9,Additional Funding Requirement for Off-Balance Sheet Rehypothecated Assets,OK,Internal,enum,False,YesNo
Supplemental,Liquidity Risk Measurement,S.L,S.L.9,Additional Funding Requirement for Off-Balance Sheet Rehypothecated Assets,OK,InternalCounterparty,string,False,
Supplemental,Liquidity Risk Measurement,S.L,S.L.10,Net Stable Funding Ratio,OK,ReportingEntity,string,True,
Supplemental,Liquidity Risk Measurement,S.L,S.L.10,Net Stable Funding Ratio,OK,Currency,enum,True,Currency
Supplemental,Liquidity Risk Measurement,S.L,S.L.10,Net Stable Funding Ratio,OK,Converted,enum,True,YesNo
Supplemental,Liquidity Risk Measurement,S.L,S.L.10,Net Stable Funding Ratio,OK,Product,string,True,
Supplemental,Liquidity Risk Measurement,S.L,S.L.10,Net Stable Funding Ratio,OK,MarketValue,money,False,
Supplemental,Liquidity Risk Measurement,S.L,S.L.10,Net Stable Funding Ratio,OK,CollateralClass,enum,False,CollateralClass
Supplemental,Liquidity Risk Measurement,S.L,S.L.10,Net Stable Funding Ratio,OK,Internal,enum,False,YesNo
Supplemental,Liquidity Risk Measurement,S.L,S.L.10,Net Stable Funding Ratio,OK,InternalCounterparty,string,False,
Supplemental,Balance Sheet,S.B,S.B.1,Regulatory Capital Element,OK,ReportingEntity,string,True,
Supplemental,Balance Sheet,S.B,S.B.1,Regulatory Capital Element,OK,Currency,enum,True,Currency
Supplemental,Balance Sheet,S.B,S.B.1,Regulatory Capital Element,OK,Converted,enum,True,YesNo
Supplemental,Balance Sheet,S.B,S.B.1,Regulatory Capital Element,OK,CollectionReference,string,False,
Supplemental,Balance Sheet,S.B,S.B.1,Regulatory Capital Element,OK,Product,string,True,
Supplemental,Balance Sheet,S.B,S.B.1,Regulatory Capital Element,OK,ProductReference,string,False,
Supplemental,Balance Sheet,S.B,S.B.1,Regulatory Capital Element,OK,SubProductReference,string,False,
Supplemental,Balance Sheet,S.B,S.B.1,Regulatory Capital Element,OK,CollateralClass,enum,False,CollateralClass
Supplemental,Balance Sheet,S.B,S.B.1,Regulatory Capital Element,OK,MaturityBucket,enum,False,MaturityBucket
Supplemental,Balance Sheet,S.B,S.B.1,Regulatory Capital Element,OK,EffectiveMaturityBucket,enum,False,EffectiveMaturityBucket
Supplemental,Balance Sheet,S.B,S.B.1,Regulatory Capital Element,OK,EncumbranceType,enum,False,EncumbranceType
Supplemental,Balance Sheet,S.B,S.B.1,Regulatory Capital Element,OK,MarketValue,money,False,
Supplemental,Balance Sheet,S.B,S.B.1,Regulatory Capital Element,OK,MaturityAmount,money,False,
Supplemental,Balance Sheet,S.B,S.B.1,Regulatory Capital Element,OK,CollateralValue,money,False,
Supplemental,Balance Sheet,S.B,S.B.1,Regulatory Capital Element,OK,Counterparty,enum,False,Counterparty
Supplemental,Balance Sheet,S.B,S.B.1,Regulatory Capital Element,OK,GSIB,enum,False,YesNo
Supplemental,Balance Sheet,S.B,S.B.1,Regulatory Capital Element,OK,RiskWeight,percent,False,
Supplemental,Balance Sheet,S.B,S.B.1,Regulatory Capital Element,OK,Internal,enum,False,YesNo
Supplemental,Balance Sheet,S.B,S.B.1,Regulatory Capital Element,OK,InternalCounterparty,string,False,
Supplemental,Balance Sheet,S.B,S.B.2,Other Liabilities,OK,ReportingEntity,string,True,
Supplemental,Balance Sheet,S.B,S.B.2,Other Liabilities,OK,Currency,enum,True,Currency
Supplemental,Balance Sheet,S.B,S.B.2,Other Liabilities,OK,Converted,enum,True,YesNo
Supplemental,Balance Sheet,S.B,S.B.2,Other Liabilities,OK,CollectionReference,string,False,
Supplemental,Balance Sheet,S.B,S.B.2,Other Liabilities,OK,Product,string,True,
Supplemental,Balance Sheet,S.B,S.B.2,Other Liabilities,OK,ProductReference,string,False,
Supplemental,Balance Sheet,S.B,S.B.2,Other Liabilities,OK,SubProductReference,string,False,
Supplemental,Balance Sheet,S.B,S.B.2,Other Liabilities,OK,CollateralClass,enum,False,CollateralClass
Supplemental,Balance Sheet,S.B,S.B.2,Other Liabilities,OK,MaturityBucket,enum,False,MaturityBucket
Supplemental,Balance Sheet,S.B,S.B.2,Other Liabilities,OK,EffectiveMaturityBucket,enum,False,EffectiveMaturityBucket
Supplemental,Balance Sheet,S.B,S.B.2,Other Liabilities,OK,EncumbranceType,enum,False,EncumbranceType
Supplemental,Balance Sheet,S.B,S.B.2,Other Liabilities,OK,MarketValue,money,False,
Supplemental,Balance Sheet,S.B,S.B.2,Other Liabilities,OK,MaturityAmount,money,False,
Supplemental,Balance Sheet,S.B,S.B.2,Other Liabilities,OK,CollateralValue,money,False,
Supplemental,Balance Sheet,S.B,S.B.2,Other Liabilities,OK,Counterparty,enum,False,Counterparty
Supplemental,Balance Sheet,S.B,S.B.2,Other Liabilities,OK,GSIB,enum,False,YesNo
Supplemental,Balance Sheet,S.B,S.B.2,Other Liabilities,OK,RiskWeight,percent,False,
Supplemental,Balance Sheet,S.B,S.B.2,Other Liabilities,OK,Internal,enum,False,YesNo
Supplemental,Balance Sheet,S.B,S.B.2,Other Liabilities,OK,InternalCounterparty,string,False,
Supplemental,Balance Sheet,S.B,S.B.3,Non-Performing Assets,OK,ReportingEntity,string,True,
Supplemental,Balance Sheet,S.B,S.B.3,Non-Performing Assets,OK,Currency,enum,True,Currency
Supplemental,Balance Sheet,S.B,S.B.3,Non-Performing Assets,OK,Converted,enum,True,YesNo
Supplemental,Balance Sheet,S.B,S.B.3,Non-Performing Assets,OK,CollectionReference,string,False,
Supplemental,Balance Sheet,S.B,S.B.3,Non-Performing Assets,OK,Product,string,True,
Supplemental,Balance Sheet,S.B,S.B.3,Non-Performing Assets,OK,ProductReference,string,False,
Supplemental,Balance Sheet,S.B,S.B.3,Non-Performing Assets,OK,SubProductReference,string,False,
Supplemental,Balance Sheet,S.B,S.B.3,Non-Performing Assets,OK,CollateralClass,enum,False,CollateralClass
Supplemental,Balance Sheet,S.B,S.B.3,Non-Performing Assets,OK,MaturityBucket,enum,False,MaturityBucket
Supplemental,Balance Sheet,S.B,S.B.3,Non-Performing Assets,OK,EffectiveMaturityBucket,enum,False,EffectiveMaturityBucket
Supplemental,Balance Sheet,S.B,S.B.3,Non-Performing Assets,OK,EncumbranceType,enum,False,EncumbranceType
Supplemental,Balance Sheet,S.B,S.B.3,Non-Performing Assets,OK,MarketValue,money,False,
Supplemental,Balance Sheet,S.B,S.B.3,Non-Performing Assets,OK,MaturityAmount,money,False,
Supplemental,Balance Sheet,S.B,S.B.3,Non-Performing Assets,OK,CollateralValue,money,False,
Supplemental,Balance Sheet,S.B,S.B.3,Non-Performing Assets,OK,Counterparty,enum,False,Counterparty
Supplemental,Balance Sheet,S.B,S.B.3,Non-Performing Assets,OK,GSIB,enum,False,YesNo
Supplemental,Balance Sheet,S.B,S.B.3,Non-Performing Assets,OK,RiskWeight,percent,False,
Supplemental,Balance Sheet,S.B,S.B.3,Non-Performing Assets,OK,Internal,enum,False,YesNo
Supplemental,Balance Sheet,S.B,S.B.3,Non-Performing Assets,OK,InternalCounterparty,string,False,
Supplemental,Balance Sheet,S.B,S.B.4,Other Assets,OK,ReportingEntity,string,True,
Supplemental,Balance Sheet,S.B,S.B.4,Other Assets,OK,Currency,enum,True,Currency
Supplemental,Balance Sheet,S.B,S.B.4,Other Assets,OK,Converted,enum,True,YesNo
Supplemental,Balance Sheet,S.B,S.B.4,Other Assets,OK,CollectionReference,string,False,
Supplemental,Balance Sheet,S.B,S.B.4,Other Assets,OK,Product,string,True,
Supplemental,Balance Sheet,S.B,S.B.4,Other Assets,OK,ProductReference,string,False,
Supplemental,Balance Sheet,S.B,S.B.4,Other Assets,OK,SubProductReference,string,False,
Supplemental,Balance Sheet,S.B,S.B.4,Other Assets,OK,CollateralClass,enum,False,CollateralClass
Supplemental,Balance Sheet,S.B,S.B.4,Other Assets,OK,MaturityBucket,enum,False,MaturityBucket
Supplemental,Balance Sheet,S.B,S.B.4,Other Assets,OK,EffectiveMaturityBucket,enum,False,EffectiveMaturityBucket
Supplemental,Balance Sheet,S.B,S.B.4,Other Assets,OK,EncumbranceType,enum,False,EncumbranceType
Supplemental,Balance Sheet,S.B,S.B.4,Other Assets,OK,MarketValue,money,False,
Supplemental,Balance Sheet,S.B,S.B.4,Other Assets,OK,MaturityAmount,money,False,
Supplemental,Balance Sheet,S.B,S.B.4,Other Assets,OK,CollateralValue,money,False,
Supplemental,Balance Sheet,S.B,S.B.4,Other Assets,OK,Counterparty,enum,False,Counterparty
Supplemental,Balance Sheet,S.B,S.B.4,Other Assets,OK,GSIB,enum,False,YesNo
Supplemental,Balance Sheet,S.B,S.B.4,Other Assets,OK,RiskWeight,percent,False,
Supplemental,Balance Sheet,S.B,S.B.4,Other Assets,OK,Internal,enum,False,YesNo
Supplemental,Balance Sheet,S.B,S.B.4,Other Assets,OK,InternalCounterparty,string,False,
Supplemental,Balance Sheet,S.B,S.B.5,Counterparty Netting,OK,ReportingEntity,string,True,
Supplemental,Balance Sheet,S.B,S.B.5,Counterparty Netting,OK,Currency,enum,True,Currency
Supplemental,Balance Sheet,S.B,S.B.5,Counterparty Netting,OK,Converted,enum,True,YesNo
Supplemental,Balance Sheet,S.B,S.B.5,Counterparty Netting,OK,CollectionReference,string,False,
Supplemental,Balance Sheet,S.B,S.B.5,Counterparty Netting,OK,Product,string,True,
Supplemental,Balance Sheet,S.B,S.B.5,Counterparty Netting,OK,ProductReference,string,False,
Supplemental,Balance Sheet,S.B,S.B.5,Counterparty Netting,OK,SubProductReference,string,False,
Supplemental,Balance Sheet,S.B,S.B.5,Counterparty Netting,OK,CollateralClass,enum,False,CollateralClass
Supplemental,Balance Sheet,S.B,S.B.5,Counterparty Netting,OK,MaturityBucket,enum,False,MaturityBucket
Supplemental,Balance Sheet,S.B,S.B.5,Counterparty Netting,OK,EffectiveMaturityBucket,enum,False,EffectiveMaturityBucket
Supplemental,Balance Sheet,S.B,S.B.5,Counterparty Netting,OK,EncumbranceType,enum,False,EncumbranceType
Supplemental,Balance Sheet,S.B,S.B.5,Counterparty Netting,OK,MarketValue,money,False,
Supplemental,Balance Sheet,S.B,S.B.5,Counterparty Netting,OK,MaturityAmount,money,False,
Supplemental,Balance Sheet,S.B,S.B.5,Counterparty Netting,OK,CollateralValue,money,False,
Supplemental,Balance Sheet,S.B,S.B.5,Counterparty Netting,OK,Counterparty,enum,False,Counterparty
Supplemental,Balance Sheet,S.B,S.B.5,Counterparty Netting,OK,GSIB,enum,False,YesNo
Supplemental,Balance Sheet,S.B,S.B.5,Counterparty Netting,OK,RiskWeight,percent,False,
Supplemental,Balance Sheet,S.B,S.B.5,Counterparty Netting,OK,Internal,enum,False,YesNo
Supplemental,Balance Sheet,S.B,S.B.5,Counterparty Netting,OK,InternalCounterparty,string,False,
Supplemental,Balance Sheet,S.B,S.B.6,Carrying Value Adjustment,OK,ReportingEntity,string,True,
Supplemental,Balance Sheet,S.B,S.B.6,Carrying Value Adjustment,OK,Currency,enum,True,Currency
Supplemental,Balance Sheet,S.B,S.B.6,Carrying Value Adjustment,OK,Converted,enum,True,YesNo
Supplemental,Balance Sheet,S.B,S.B.6,Carrying Value Adjustment,OK,CollectionReference,string,False,
Supplemental,Balance Sheet,S.B,S.B.6,Carrying Value Adjustment,OK,Product,string,True,
Supplemental,Balance Sheet,S.B,S.B.6,Carrying Value Adjustment,OK,ProductReference,string,False,
Supplemental,Balance Sheet,S.B,S.B.6,Carrying Value Adjustment,OK,SubProductReference,string,False,
Supplemental,Balance Sheet,S.B,S.B.6,Carrying Value Adjustment,OK,CollateralClass,enum,False,CollateralClass
Supplemental,Balance Sheet,S.B,S.B.6,Carrying Value Adjustment,OK,MaturityBucket,enum,False,MaturityBucket
Supplemental,Balance Sheet,S.B,S.B.6,Carrying Value Adjustment,OK,EffectiveMaturityBucket,enum,False,EffectiveMaturityBucket
Supplemental,Balance Sheet,S.B,S.B.6,Carrying Value Adjustment,OK,EncumbranceType,enum,False,EncumbranceType
Supplemental,Balance Sheet,S.B,S.B.6,Carrying Value Adjustment,OK,MarketValue,money,False,
Supplemental,Balance Sheet,S.B,S.B.6,Carrying Value Adjustment,OK,MaturityAmount,money,False,
Supplemental,Balance Sheet,S.B,S.B.6,Carrying Value Adjustment,OK,CollateralValue,money,False,
Supplemental,Balance Sheet,S.B,S.B.6,Carrying Value Adjustment,OK,Counterparty,enum,False,Counterparty
Supplemental,Balance Sheet,S.B,S.B.6,Carrying Value Adjustment,OK,GSIB,enum,False,YesNo
Supplemental,Balance Sheet,S.B,S.B.6,Carrying Value Adjustment,OK,RiskWeight,percent,False,
Supplemental,Balance Sheet,S.B,S.B.6,Carrying Value Adjustment,OK,Internal,enum,False,YesNo
Supplemental,Balance Sheet,S.B,S.B.6,Carrying Value Adjustment,OK,InternalCounterparty,string,False,
Supplemental,Informational,S.I,S.I.1,Long Market Value Client Assets,OK,ReportingEntity,string,True,
Supplemental,Informational,S.I,S.I.1,Long Market Value Client Assets,OK,Currency,enum,True,Currency
Supplemental,Informational,S.I,S.I.1,Long Market Value Client Assets,OK,Converted,enum,True,YesNo
Supplemental,Informational,S.I,S.I.1,Long Market Value Client Assets,OK,Product,string,True,
Supplemental,Informational,S.I,S.I.1,Long Market Value Client Assets,OK,MarketValue,money,False,
Supplemental,Informational,S.I,S.I.1,Long Market Value Client Assets,OK,CollateralClass,enum,False,CollateralClass
Supplemental,Informational,S.I,S.I.1,Long Market Value Client Assets,OK,Internal,enum,False,YesNo
Supplemental,Informational,S.I,S.I.1,Long Market Value Client Assets,OK,InternalCounterparty,string,False,
Supplemental,Informational,S.I,S.I.1,Long Market Value Client Assets,OK,BusinessLine,string,False,
Supplemental,Informational,S.I,S.I.2,Short Market Value Client Assets,OK,ReportingEntity,string,True,
Supplemental,Informational,S.I,S.I.2,Short Market Value Client Assets,OK,Currency,enum,True,Currency
Supplemental,Informational,S.I,S.I.2,Short Market Value Client Assets,OK,Converted,enum,True,YesNo
Supplemental,Informational,S.I,S.I.2,Short Market Value Client Assets,OK,Product,string,True,
Supplemental,Informational,S.I,S.I.2,Short Market Value Client Assets,OK,MarketValue,money,False,
Supplemental,Informational,S.I,S.I.2,Short Market Value Client Assets,OK,CollateralClass,enum,False,CollateralClass
Supplemental,Informational,S.I,S.I.2,Short Market Value Client Assets,OK,Internal,enum,False,YesNo
Supplemental,Informational,S.I,S.I.2,Short Market Value Client Assets,OK,InternalCounterparty,string,False,
Supplemental,Informational,S.I,S.I.2,Short Market Value Client Assets,OK,BusinessLine,string,False,
Supplemental,Informational,S.I,S.I.3,Gross Client Wires Received,OK,ReportingEntity,string,True,
Supplemental,Informational,S.I,S.I.3,Gross Client Wires Received,OK,Currency,enum,True,Currency
Supplemental,Informational,S.I,S.I.3,Gross Client Wires Received,OK,Converted,enum,True,YesNo
Supplemental,Informational,S.I,S.I.3,Gross Client Wires Received,OK,Product,string,True,
Supplemental,Informational,S.I,S.I.3,Gross Client Wires Received,OK,MarketValue,money,False,
Supplemental,Informational,S.I,S.I.3,Gross Client Wires Received,OK,CollateralClass,enum,False,CollateralClass
Supplemental,Informational,S.I,S.I.3,Gross Client Wires Received,OK,Internal,enum,False,YesNo
Supplemental,Informational,S.I,S.I.3,Gross Client Wires Received,OK,InternalCounterparty,string,False,
Supplemental,Informational,S.I,S.I.3,Gross Client Wires Received,OK,BusinessLine,string,False,
Supplemental,Informational,S.I,S.I.4,Gross Client Wires Paid,OK,ReportingEntity,string,True,
Supplemental,Informational,S.I,S.I.4,Gross Client Wires Paid,OK,Currency,enum,True,Currency
Supplemental,Informational,S.I,S.I.4,Gross Client Wires Paid,OK,Converted,enum,True,YesNo
Supplemental,Informational,S.I,S.I.4,Gross Client Wires Paid,OK,Product,string,True,
Supplemental,Informational,S.I,S.I.4,Gross Client Wires Paid,OK,MarketValue,money,False,
Supplemental,Informational,S.I,S.I.4,Gross Client Wires Paid,OK,CollateralClass,enum,False,CollateralClass
Supplemental,Informational,S.I,S.I.4,Gross Client Wires Paid,OK,Internal,enum,False,YesNo
Supplemental,Informational,S.I,S.I.4,Gross Client Wires Paid,OK,InternalCounterparty,string,False,
Supplemental,Informational,S.I,S.I.4,Gross Client Wires Paid,OK,BusinessLine,string,False,
Supplemental,Informational,S.I,S.I.5,FRB 23A Capacity,OK,ReportingEntity,string,True,
Supplemental,Informational,S.I,S.I.5,FRB 23A Capacity,OK,Currency,enum,True,Currency
Supplemental,Informational,S.I,S.I.5,FRB 23A Capacity,OK,Converted,enum,True,YesNo
Supplemental,Informational,S.I,S.I.5,FRB 23A Capacity,OK,Product,string,True,
Supplemental,Informational,S.I,S.I.5,FRB 23A Capacity,OK,MarketValue,money,False,
Supplemental,Informational,S.I,S.I.5,FRB 23A Capacity,OK,CollateralClass,enum,False,CollateralClass
Supplemental,Informational,S.I,S.I.5,FRB 23A Capacity,OK,Internal,enum,False,YesNo
Supplemental,Informational,S.I,S.I.5,FRB 23A Capacity,OK,InternalCounterparty,string,False,
Supplemental,Informational,S.I,S.I.5,FRB 23A Capacity,OK,BusinessLine,string,False,
Supplemental,Informational,S.I,S.I.6,Subsidiary Liquidity Not Transferrable,OK,ReportingEntity,string,True,
Supplemental,Informational,S.I,S.I.6,Subsidiary Liquidity Not Transferrable,OK,Currency,enum,True,Currency
Supplemental,Informational,S.I,S.I.6,Subsidiary Liquidity Not Transferrable,OK,Converted,enum,True,YesNo
Supplemental,Informational,S.I,S.I.6,Subsidiary Liquidity Not Transferrable,OK,Product,string,True,
Supplemental,Informational,S.I,S.I.6,Subsidiary Liquidity Not Transferrable,OK,MarketValue,money,False,
Supplemental,Informational,S.I,S.I.6,Subsidiary Liquidity Not Transferrable,OK,CollateralClass,enum,False,CollateralClass
Supplemental,Informational,S.I,S.I.6,Subsidiary Liquidity Not Transferrable,OK,Internal,enum,False,YesNo
Supplemental,Informational,S.I,S.I.6,Subsidiary Liquidity Not Transferrable,OK,InternalCounterparty,string,False,
Supplemental,Informational,S.I,S.I.6,Subsidiary Liquidity Not Transferrable,OK,BusinessLine,string,False,
Supplemental,Foreign Exchange,S.FX,S.FX.1,Spot,OK,ReportingEntity,string,True,
Supplemental,Foreign Exchange,S.FX,S.FX.1,Spot,OK,Currency,enum,True,Currency
Supplemental,Foreign Exchange,S.FX,S.FX.1,Spot,OK,Converted,enum,True,YesNo
Supplemental,Foreign Exchange,S.FX,S.FX.1,Spot,OK,Product,string,True,
Supplemental,Foreign Exchange,S.FX,S.FX.1,Spot,OK,MaturityAmountCurrency1,money,False,
Supplemental,Foreign Exchange,S.FX,S.FX.1,Spot,OK,MaturityAmountCurrency2,money,False,
Supplemental,Foreign Exchange,S.FX,S.FX.1,Spot,OK,MaturityBucket,enum,False,MaturityBucket
Supplemental,Foreign Exchange,S.FX,S.FX.1,Spot,OK,ForeignExchangeOptionDirection,enum,False,ForeignExchangeOptionDirection
Supplemental,Foreign Exchange,S.FX,S.FX.1,Spot,OK,ForwardStartAmountCurrency1,money,False,
Supplemental,Foreign Exchange,S.FX,S.FX.1,Spot,OK,ForwardStartAmountCurrency2,money,False,
Supplemental,Foreign Exchange,S.FX,S.FX.1,Spot,OK,ForwardStartBucket,enum,False,MaturityBucket
Supplemental,Foreign Exchange,S.FX,S.FX.1,Spot,OK,Counterparty,enum,False,Counterparty
Supplemental,Foreign Exchange,S.FX,S.FX.1,Spot,OK,GSIB,enum,False,YesNo
Supplemental,Foreign Exchange,S.FX,S.FX.1,Spot,OK,Settlement,enum,False,YesNo
Supplemental,Foreign Exchange,S.FX,S.FX.1,Spot,OK,BusinessLine,string,False,
Supplemental,Foreign Exchange,S.FX,S.FX.1,Spot,OK,Internal,enum,False,YesNo
Supplemental,Foreign Exchange,S.FX,S.FX.1,Spot,OK,InternalCounterparty,string,False,
Supplemental,Foreign Exchange,S.FX,S.FX.2,Forwards and Futures,OK,ReportingEntity,string,True,
Supplemental,Foreign Exchange,S.FX,S.FX.2,Forwards and Futures,OK,Currency,enum,True,Currency
Supplemental,Foreign Exchange,S.FX,S.FX.2,Forwards and Futures,OK,Converted,enum,True,YesNo
Supplemental,Foreign Exchange,S.FX,S.FX.2,Forwards and Futures,OK,Product,string,True,
Supplemental,Foreign Exchange,S.FX,S.FX.2,Forwards and Futures,OK,MaturityAmountCurrency1,money,False,
Supplemental,Foreign Exchange,S.FX,S.FX.2,Forwards and Futures,OK,MaturityAmountCurrency2,money,False,
Supplemental,Foreign Exchange,S.FX,S.FX.2,Forwards and Futures,OK,MaturityBucket,enum,False,MaturityBucket
Supplemental,Foreign Exchange,S.FX,S.FX.2,Forwards and Futures,OK,ForeignExchangeOptionDirection,enum,False,ForeignExchangeOptionDirection
Supplemental,Foreign Exchange,S.FX,S.FX.2,Forwards and Futures,OK,ForwardStartAmountCurrency1,money,False,
Supplemental,Foreign Exchange,S.FX,S.FX.2,Forwards and Futures,OK,ForwardStartAmountCurrency2,money,False,
Supplemental,Foreign Exchange,S.FX,S.FX.2,Forwards and Futures,OK,ForwardStartBucket,enum,False,MaturityBucket
Supplemental,Foreign Exchange,S.FX,S.FX.2,Forwards and Futures,OK,Counterparty,enum,False,Counterparty
Supplemental,Foreign Exchange,S.FX,S.FX.2,Forwards and Futures,OK,GSIB,enum,False,YesNo
Supplemental,Foreign Exchange,S.FX,S.FX.2,Forwards and Futures,OK,Settlement,enum,False,YesNo
Supplemental,Foreign Exchange,S.FX,S.FX.2,Forwards and Futures,OK,BusinessLine,string,False,
Supplemental,Foreign Exchange,S.FX,S.FX.2,Forwards and Futures,OK,Internal,enum,False,YesNo
Supplemental,Foreign Exchange,S.FX,S.FX.2,Forwards and Futures,OK,InternalCounterparty,string,False,
Supplemental,Foreign Exchange,S.FX,S.FX.3,Swaps,OK,ReportingEntity,string,True,
Supplemental,Foreign Exchange,S.FX,S.FX.3,Swaps,OK,Currency,enum,True,Currency
Supplemental,Foreign Exchange,S.FX,S.FX.3,Swaps,OK,Converted,enum,True,YesNo
Supplemental,Foreign Exchange,S.FX,S.FX.3,Swaps,OK,Product,string,True,
Supplemental,Foreign Exchange,S.FX,S.FX.3,Swaps,OK,MaturityAmountCurrency1,money,False,
Supplemental,Foreign Exchange,S.FX,S.FX.3,Swaps,OK,MaturityAmountCurrency2,money,False,
Supplemental,Foreign Exchange,S.FX,S.FX.3,Swaps,OK,MaturityBucket,enum,False,MaturityBucket
Supplemental,Foreign Exchange,S.FX,S.FX.3,Swaps,OK,ForeignExchangeOptionDirection,enum,False,ForeignExchangeOptionDirection
Supplemental,Foreign Exchange,S.FX,S.FX.3,Swaps,OK,ForwardStartAmountCurrency1,money,False,
Supplemental,Foreign Exchange,S.FX,S.FX.3,Swaps,OK,ForwardStartAmountCurrency2,money,False,
Supplemental,Foreign Exchange,S.FX,S.FX.3,Swaps,OK,ForwardStartBucket,enum,False,MaturityBucket
Supplemental,Foreign Exchange,S.FX,S.FX.3,Swaps,OK,Counterparty,enum,False,Counterparty
Supplemental,Foreign Exchange,S.FX,S.FX.3,Swaps,OK,GSIB,enum,False,YesNo
Supplemental,Foreign Exchange,S.FX,S.FX.3,Swaps,OK,Settlement,enum,False,YesNo
Supplemental,Foreign Exchange,S.FX,S.FX.3,Swaps,OK,BusinessLine,string,False,
Supplemental,Foreign Exchange,S.FX,S.FX.3,Swaps,OK,Internal,enum,False,YesNo
Supplemental,Foreign Exchange,S.FX,S.FX.3,Swaps,OK,InternalCounterparty,string,False,
